"group","album","id","First_.lp._release","release_date","month","Selfdetermination","style","language","Language_2nd","X","X.1","X.2","X.3","X.4","X.5","X.6","X.7","City","sex","region","longList","image","ID.на.сайту.Аристократов","Ссылка.на.группу","listen"
"044 Rose","ROSE 044","sing1","","15.11.2019","nov","hip hop pop","hip hop & rap","російська","","*","*","","*","*","*","*","*","Київ","чоловіча","Центр","Інші альбоми","https://fastfoodmusic.com/wp-content/uploads/2018/11/dGwSYqB7D_w.jpg",20417,"","https://soundcloud.com/044klan/sets/044-rose-rose-044"
"1914","The Blind Leading The Blind","sing2","","11.11.2019","nov","death\doom metal","metal","англійська","","*","*","*","*","*","*","*","*","Львів","чоловіча","Захід","Інші альбоми","https://f4.bcbits.com/img/a3668139661_10.jpg",20353,"https://www.facebook.com/1914band/","https://x1914x.bandcamp.com/album/the-blind-leading-the-blind"
"2sleepy","For The Next Day","sing4","","22.11.2019","nov","electronic","electronic","немає","-","*","*","","*","*","*","*","*","Київ Krakow Brooklyn","чоловіча","Центр","Long list","https://liroom.com.ua/wp-content/uploads/2018/11/2-2-500x500.jpg",20354,"https://www.facebook.com/2sleepy.band/","https://soundcloud.com/2sleepy/sets/2sleepy-for-the-next-day-private"
"2sleepy","For The Next Day","sing3","","22.11.2019","nov","electronic","electronic","немає","-","*","*","","*","*","*","*","*","Київ Krakow Brooklyn","чоловіча","Закордон","Long list","https://liroom.com.ua/wp-content/uploads/2018/11/2-2-500x500.jpg",20354,"https://www.facebook.com/2sleepy.band/","https://soundcloud.com/2sleepy/sets/2sleepy-for-the-next-day-private"
"8X8","New Data New Day","sing5","","01.12.2019","dec","Psychedelic","rock","англійська","","*","","","*","*","*","*","*","from duo of Lane Steinberg (NYC, US) and Alex Khodchenko (Kiev, Ukraine)","чоловіча","Закордон","Інші альбоми","https://rock.ua/rockdb/i/cd/full/1174-new_data_new_day.jpg",20361,"https://www.facebook.com/8X8theband/","https://www.youtube.com/playlist?list=OLAK5uy_nuqq_aKGvDdEFXuI7mNje0sV7evtSXzGY"
"8X8","New Data New Day","sing6","","01.12.2019","dec","Psychedelic","rock","англійська","","*","","","*","*","*","*","*","from duo of Lane Steinberg (NYC, US) and Alex Khodchenko (Kiev, Ukraine)","чоловіча","Центр","Інші альбоми","https://rock.ua/rockdb/i/cd/full/1174-new_data_new_day.jpg",20361,"https://www.facebook.com/8X8theband/","https://www.youtube.com/playlist?list=OLAK5uy_nuqq_aKGvDdEFXuI7mNje0sV7evtSXzGY"
"Advokaty","23:45","sing7","*","30.03.2019","mar","alternative rock","rock","російська","","*","*","*","","*","*","*","*","Київ","мікс","Центр","Long list","https://rock.ua/rockdb/i/cd/full/1050-2345.jpg",20181,"https://www.facebook.com/advokaty.official/","https://soundcloud.com/advokaty/sets/2345album"
"Aero Benin","Aero Benin","sing8","*","07.09.2019","sep","psychedelic pop","indie","англійська","fr","*","*","*","*","*","*","*","*","Київ","чоловіча","Центр","Long list","https://f4.bcbits.com/img/0014279796_10.jpg",20182,"https://www.facebook.com/aerobenin/","https://aerobenin.bandcamp.com/album/aero-benin"
"AGHIAZMA","Plus Ultra","sing9","*","23.11.2019","nov","post-punk, goth-rock, industrial metal influenced","rock","англійська","","*","*","","*","*","*","*","*","Київ","мікс","Центр","Інші альбоми","https://toloka.to/photos/181124150853804752_f0_0.jpg",20374,"https://www.facebook.com/aghiazma/","https://play.google.com/store/music/album/AGHIAZMA_Plus_Ultra?id=Byrczshw7pbplj7azsmyf6va3eq"
"Alex Demian","Зорі в неоні","sing10","*","20.06.2019","jun","pop","pop","українська","","*","*","","*","*","*","*","*","Київ","чоловіча","Центр","Інші альбоми","https://images.shazam.com/coverart/t406916381-b1398941960_s400.jpg",20183,"https://www.facebook.com/AlexDemianMusic/","https://itunes.apple.com/ua/album/%D0%B7%D0%BE%D1%80%D1%96-%D0%B2-%D0%BD%D0%B5%D0%BE%D0%BD%D1%96/1398941791?app=music&ign-mpt=uo%3D4"
"Alex Zakharchuk","ЖИВЕМ ОДИН РАЗ","sing244","*","15.05.2019","may","pop","pop","російська","укр","*","","","*","*","*","*","","Київ","чоловіча","Центр","Інші альбоми","http://vinyla.com.ua/files/products/alex-zakharchuk-zhivem-odin-raz.800x700.jpg?1d6952fc939f85a104853c75f447208c",20184,"https://www.facebook.com/zakharchukofficial/?eid=ARAEMUXcEAb_r90__2KNgyr7D3q_tQt7Av-EfesxnCKhbLrei3bCsrV7x_AW9-NDfqgJ-cfIIQ2V1hym","https://www.youtube.com/watch?v=yzfFLyoL72M&feature=youtu.be"
"Amphibian Man","No Surfers In My Town","sing11","","23.11.2019","nov","surf rock","rock","англійська","","*","*","*","*","*","*","*","*","Київ","чоловіча","Центр","Інші альбоми","https://f4.bcbits.com/img/a0533825538_10.jpg",20398,"https://www.facebook.com/amphibianmansurf","https://soundcloud.com/user-210549985/sets/no-surfers-in-my-town"
"Andrey Chmut","Smoothability","sing12","*","02.07.2019","jul","jazz","jazz","немає","-","*","","","*","","","","","Київ","чоловіча","Центр","Long list","https://images-na.ssl-images-amazon.com/images/I/710YwOmMLQL._SL1400_.jpg",20185,"https://www.facebook.com/andrey.chmut.3","https://itunes.apple.com/ru/album/smoothability/1388690133"
"Anna Mia Quintet","Miasophy","sing13","*","16.11.2019","nov","new jazz","jazz","англійська","укр","*","","*","*","*","*","","*","Київ","жіноча","Центр","Long list","https://fancymusic.ru/wp-content/uploads/2012/12/Cover50080.jpg",20362,"https://www.facebook.com/annamiamusic","https://itunes.apple.com/ru/album/miasophy/1439603670"
"Anton Belov","Piano Works I","sing14","*","30.11.2019","nov","instrumental","instrumental","немає","-","*","","*","*","*","*","*","*","Київ","чоловіча","Центр","Long list","https://f4.bcbits.com/img/a1868104046_16.jpg",20310,"https://www.facebook.com/antonbelovmusic/","https://antonbelov.bandcamp.com/album/piano-works-i"
"Artem Bemba","Airways","sing15","","10.02","feb","psychedelic","electronic","немає","-","","*","*","","","","*","","Львів","чоловіча","Захід","Інші альбоми","https://1.bp.blogspot.com/-2IgbmtpiygU/Wn8iR7hnssI/AAAAAAAAFDw/U0UzlSv0avQ4bNsa2WKcdC_-VVT_q3wkQCLcBGAs/s320/folder.jpg",20186,"https://www.facebook.com/artembembamusic/?__tn__=K-R&eid=ARD3Tu-22McN_lKDumwZsP8N7wz0pkRhfZPkfliy442BYIwSkXbkVC1SA-Ikg--FhQaXfcx4e4NGdKL_&fref=mentions&__xts__%5b0%5d=68.ARDctwBwkzcFgu6-t0pclniDnuoqscRcoIqjPq1PHpc_qk7lVSIE9WyNjg40Jcp4O_q3D0U3PXhT0XFr06rspcHuTF5AcShP9ugAPEhj-n1FJiabcMvyhAniRCWN3MfWJRQ_0lK0UbiHu5fFeromYhhLPz9eUTrdbMzZ1sOtD4lB1WsvWeqKXQ","https://artembemba.bandcamp.com/album/airways-2"
"Atomic Simao","Levitation Loom Four","sing16","","22.12.2019","dec","psychedelic jazz, instrumental","jazz","англійська","","*","*","*","","*","*","*","*","Київ","чоловіча","Центр","Long list","https://karabas.live/wp-content/uploads/2018/12/47345209_369567920464006_630201534889590784_n.jpg",20187,"https://www.facebook.com/AtomicSimao/?eid=ARDDG--hd76BelOceMI0olGWfYMkPSOy30X5i93LC9-2dOezOU2__IvPG7FiNBGjrqNypHfQLO8EyJLS","https://atomicsimao.bandcamp.com/album/levitation-loom-four"
"Balaklava Blues","FLY","sing17","*","31.12.2019","dec","EDM guerrilla-folk","ethno","українська","eng","","*","","","","","","","Toronto","мікс","Закордон","Long list","https://static1.squarespace.com/static/55156657e4b0ae548a77b868/5a8d86f718b27d61deaf12f7/5c21c94e520149b87df7a2e1/1545718099480/",20407,"https://www.facebook.com/balaklavablues/?ref=br_rs","https://soundcloud.com/user-160332128/sets/fly"
"Banned society","Candy","sing18","","16.03.2019","mar","hip hop","electronic","англійська","","*","*","","*","*","*","","*","Дніпро","чоловіча","Схід","Long list","https://images-na.ssl-images-amazon.com/images/I/51kxZ2uCB%2BL._SS500.jpg",20188,"https://www.facebook.com/bannedsociety/","https://soundcloud.com/awsm_music/sets/candy"
"Barkasth","Decaying","sing19","*","24.06.2019","jun","Black Metal","metal","англійська","","","","*","","","","*","","Харків","чоловіча","Схід","Інші альбоми","https://f4.bcbits.com/img/a2291918888_10.jpg",20411,"https://www.facebook.com/Barkasth","https://barkasth.bandcamp.com/album/decaying"
"Bichkraft","800","sing20","","16.03.2019","mar","Bass Drum","rock","російська","eng","*","","*","*","*","*","*","*","Київ","чоловіча","Центр","Інші альбоми","https://f4.bcbits.com/img/a4238537535_16.jpg",20189,"https://www.facebook.com/bichkraft/","https://bichkraft.bandcamp.com/"
"Blooms Corda","Fog Lavender","sing21","","28.10.2019","oct","funk, jazz, indie","indie","українська","","*","*","","*","*","*","","","Київ","чоловіча","Центр","Long list","https://i1.sndcdn.com/avatars-000527218128-mqm07c-t500x500.jpg",20190,"https://www.facebook.com/bloomscorda/","https://soundcloud.com/blooms-corda/sets/fog-lavender-2018"
"BRAT","V$TAVЛЯЄ","sing22","","18.01.2019","jan","ne hip hop","avant-garde","українська","eng","*","*","","*","*","*","*","*","Львів","чоловіча","Захід","Інші альбоми","https://www.neformat.com.ua/images/imagecache/material_680w/releases/a2229912206_10_1.jpg",20191,"https://www.facebook.com/bratmusicua/","https://soundcloud.com/bratua/sets/vstavlyae2018"
"Bria Blessing & ShockolaD","Ivasyuk","sing23","","10.10.2019","oct","pop","pop","українська","","*","*","","*","","","*","*","Львів","мікс","Захід","Інші альбоми","https://direct.rhapsody.com/imageserver/images/Alb.330395506/500x500.jpg",20192,"https://www.facebook.com/briablessing/","https://itunes.apple.com/ua/album/ivasyuk/1438177358"
"BSxBC","Cave Canem","sing24","","07.06.2019","jun","Thrash/Death","metal","англійська","","*","*","*","*","*","","*","*","Київ","чоловіча","Центр","Інші альбоми","https://f4.bcbits.com/img/a1847245228_16.jpg",20193,"https://www.facebook.com/bsxbckyiv","https://bsxbc.bandcamp.com/album/cave-canem"
"BUNHT","OPEN","sing25","*","10.08.2019","aug","electronic","electronic","немає","-","","*","","*","*","*","","*","Київ","чоловіча","Центр","Інші альбоми","https://avatars.yandex.net/get-music-content/193823/e9134d5e.a.5647581-1/m1000x1000",20194,"https://www.facebook.com/BunhtOfficial/","https://soundcloud.com/b-u-n-h-t/sets/open"
"Cancel","Autumn","sing26","","02.10.2019","oct","instrumental hip-hop","hip hop & rap","немає","-","*","*","*","*","*","*","*","*","Львів","чоловіча","Захід","Інші альбоми",NA,NA,NA,NA
"Cancel band & DJ Shon","Movement","sing27","","09.08.2019","aug","instrumental hip-hop","hip hop & rap","англійська","","*","*","*","*","*","*","*","*","Львів","чоловіча","Захід","Long list","https://f4.bcbits.com/img/a1376510507_16.jpg",20195,"https://www.facebook.com/TheCancel/","https://thecancelmusic.bandcamp.com/album/movement"
"Cape Cod","Echoes","sing28","","28.09.2019","sep","electronic house","electronic","англійська","","*","*","","*","*","*","*","*","Київ","чоловіча","Центр","Long list","https://i1.sndcdn.com/artworks-000412022217-rrqn5f-t500x500.jpg",20196,"https://www.facebook.com/capecodband/","https://play.google.com/store/music/album/Cape_Cod_Echoes?id=Bvxmwjkwyzq6sjdmk6qw73stweq"
"CEPASA","Dark Beauty","sing29","","05.11.2019","nov","Electronic","electronic","англійська","","*","*","","*","*","*","*","*","Київ","чоловіча","Центр","Long list","https://toloka.to/photos/181220211919804752_f0_0.jpg",20197,"https://www.facebook.com/cepasaofficial/","https://soundcloud.com/cepasa/sets/dark-beauty-2018"
"CHSZM","Love","sing30","","16.04.2019","apr","experimental, avant-garde","avant-garde","немає","-","","*","*","","","","*","","Слов'янськ","чоловіча","Схід","Інші альбоми","https://www.neformat.com.ua/images/imagecache/material_680w/releases/a2850684743_10_0.jpg",20409,"https://www.facebook.com/alekseipodat?lst=100006621918722%3A100009141420034%3A1547052094","https://podat.bandcamp.com/album/love"
"CODÂNE","Реалізм","sing31","*","23.11.2019","nov","pop","indie","українська","eng","*","*","","","*","","*","*","Київ","чоловіча","Центр","Інші альбоми","https://toloka.to/photos/181123131836804752_f0_0.jpg",20198,"https://www.facebook.com/1codane/","https://soundcloud.com/0skwhchlxe00/sets/realzm"
"Coven","Black Dahlia (Dahlia Murder)","sing32","","05.02.2019","feb","Experimental, avant-garde, noise, dark","avant-garde","немає","-","*","","*","*","*","*","*","","Madrid","чоловіча","Закордон","Інші альбоми","https://images-na.ssl-images-amazon.com/images/I/61mMCTGV0XL._SS500.jpg",20399,"https://www.facebook.com/coven.project/","https://coven-project.bandcamp.com/album/black-dahlia-dahlia-murder"
"Cuckoo's Nest","tales of human being","sing33","","01.11.2019","nov","Atmospheric / Post Black Metal","metal","англійська","","","","*","","","","","","Миколаїв","чоловіча","Південь","Інші альбоми","https://f4.bcbits.com/img/a1268278301_10.jpg",20400,"https://www.facebook.com/cuckoosnestbm","https://cuckoosnest.bandcamp.com/album/tales-of-human-being"
"Daamage","Зло Употребляй","sing34","*","05.06.2019","jun","electro-pop","hip hop & rap","російська","","*","*","","*","*","*","*","*","Київ","чоловіча","Центр","Інші альбоми","https://i1.sndcdn.com/artworks-000356486577-jg6pue-t500x500.jpg",20199,"https://www.facebook.com/daamage.daamage/","https://soundcloud.com/daamage-daamage/sets/zlo-upotrebliay"
"DaKooka","Герой","sing35","","01.06","jun","trip hop","electronic","російська","","*","*","","*","*","*","*","*","Чернівці","жіноча","Захід","Long list","https://s.mxmcdn.net/images-storage/albums4/0/0/5/1/2/2/40221500_350_350.jpg",20200,"https://www.facebook.com/dakooka/","https://www.deezer.com/en/album/67055972"
"Danny Delta","НАВИДЖУ","sing36","","19.10.2019","oct","hip hop","hip hop & rap","українська","","*","*","","*","*","*","*","*","Нововолинськ","чоловіча","Захід","Інші альбоми","https://toloka.to/photos/181024120513804752_f0_0.jpg",20201,"https://www.facebook.com/deltazaurus","https://soundcloud.com/d_d3lta/sets/navidzhu-2018"
"Dark Side Trio","Old Bookcase","sing37","*","13.03.2019","mar","jazz","jazz","немає","-","*","","*","*","*","*","*","*","Дніпро","чоловіча","Схід","Long list","https://kyiv-online.net/wp-content/uploads/2018/05/afisha-kyiv-space-mk-dark-side-trio.jpg",20202,"https://www.facebook.com/trioDarkSide/","https://itunes.apple.com/ua/album/old-bookcase/1358849923?l=ru"
"Dead Faith","Mourning Star","sing38","","16.03.2019","mar","Techno-industrial","rock","англійська","","","","*","","","","","","Київ","чоловіча","Центр","Інші альбоми","https://f4.bcbits.com/img/a0988329775_16.jpg",20203,"https://www.facebook.com/deadfaithmusic/","https://deadfaith.bandcamp.com/album/mourning-star"
"Deadly Oak","Existential Crisis (Red Lust​-​Phobia)","sing39","","10.01.2019","jan","Dark, deep, electro wave, darkwave, witch house, avant-garde, dub.
","avant-garde","немає","-","*","*","*","*","*","","*","*","Madrid","чоловіча","Закордон","Інші альбоми","https://www.neformat.com.ua/images/imagecache/material_680w/releases/a4147764518_10.jpg",20388,"https://www.facebook.com/deadlyoak/","https://deadlyoak.bandcamp.com/album/existential-crisis-red-lust-phobia"
"Delta Arthur","Trappin in Ukraine","sing40","","25.04.2019","apr","Hip Hop / Rap","hip hop & rap","російська","eng","*","*","*","*","*","*","*","*","Київ","чоловіча","Центр","Інші альбоми","https://f4.bcbits.com/img/a2190904254_10.jpg",20421,"https://www.facebook.com/deltaarthur333000/","https://deltaarthur.bandcamp.com/album/trappin-in-ukraine"
"DETACH","D.R.A.M.A","sing41","","30.11.2019","nov","Alternative","rock","англійська","","*","*","*","*","*","*","*","*","Київ","чоловіча","Центр","Інші альбоми","https://toloka.to/photos/181129132257804752_f0_0.jpg",20204,"https://www.facebook.com/detachmusic/","https://itunes.apple.com/us/album/d-r-a-m-a/1441691011"
"DoZa","Shaman's movie","sing42","","10.01.2019","jan","psychedelic rock","rock","англійська","","*","*","*","*","*","*","*","*","Київ","мікс","Центр","Інші альбоми","https://images-na.ssl-images-amazon.com/images/I/51DcqgQ0atL._SS500.jpg",20205,"https://www.facebook.com/DoZaBand/","https://dozaband.bandcamp.com/"
"Drezden","""DREZDEN""","sing43","*","30.08.2019","aug","rock ","rock","російська","","*","*","","*","*","*","*","*","Київ, Minsk","чоловіча","Закордон","Інші альбоми","https://upload.wikimedia.org/wikipedia/ru/thumb/e/e8/Drezden_%28%D0%B0%D0%BB%D1%8C%D0%B1%D0%BE%D0%BC%29.jpg/270px-Drezden_%28%D0%B0%D0%BB%D1%8C%D0%B1%D0%BE%D0%BC%29.jpg",20206,"https://www.facebook.com/drezden72/","https://www.youtube.com/watch?v=h3OAyHLJjfo"
"Drezden","""DREZDEN""","sing44","*","30.08.2019","aug","rock ","rock","російська","","*","*","","*","*","*","*","*","Київ, Minsk","чоловіча","Центр","Інші альбоми","https://upload.wikimedia.org/wikipedia/ru/thumb/e/e8/Drezden_%28%D0%B0%D0%BB%D1%8C%D0%B1%D0%BE%D0%BC%29.jpg/270px-Drezden_%28%D0%B0%D0%BB%D1%8C%D0%B1%D0%BE%D0%BC%29.jpg",20206,"https://www.facebook.com/drezden72/","https://www.youtube.com/watch?v=h3OAyHLJjfo"
"Dronny Darko & Apollonius","The Sea of Potentials","sing46","*","22.09.2019","sep","dark ambient","electronic","немає","-","","*","*","","","","","","Київ, Eindhoven","чоловіча","Центр","Інші альбоми","https://f4.bcbits.com/img/a1502897231_10.jpg",20389,"https://www.facebook.com/dronnydarko/","https://dronnydarko.bandcamp.com/album/the-sea-of-potentials"
"Dronny Darko & Apollonius","The Sea of Potentials","sing45","*","22.09.2019","sep","dark ambient","electronic","немає","-","","*","*","","","","","","Київ, Eindhoven","чоловіча","Закордон","Інші альбоми","https://f4.bcbits.com/img/a1502897231_10.jpg",20389,"https://www.facebook.com/dronnydarko/","https://dronnydarko.bandcamp.com/album/the-sea-of-potentials"
"Drudkh","Їм часто сниться капіж","sing47","","09.03.2019","mar","Black Metal","metal","українська","","*","","*","*","*","*","*","*","Харків","чоловіча","Схід","Інші альбоми","https://f4.bcbits.com/img/a3778239288_16.jpg",20207,"https://www.facebook.com/Drudkh.Official/","https://drudkh.bandcamp.com/album/they-often-see-dreams-about-the-spring"
"Drunk Diver","Палеоліт","sing48","","23.10.2019","oct","sludge/grind/stoner","metal","немає","-","","*","*","","","","*","*","Львів","мікс","Захід","Інші альбоми","https://www.neformat.com.ua/images/imagecache/material_680w/releases/a2246908427_10.jpg",20395,"https://www.facebook.com/Drunk-Diver-1417516005159913","https://drunkdiver.bandcamp.com/album/-"
"Edward Sol & Stuart Chalmers","Syncopated Soundmirror","sing50","","30.07.2019","jul","","avant-garde","немає","-","","","*","","","","","","Київ","чоловіча","Центр","Інші альбоми","https://www.neformat.com.ua/images/imagecache/material_680w/releases/a1293727876_10.jpg",20403,"https://www.facebook.com/edward.sol.50","https://edwardsol.bandcamp.com/album/syncopated-soundmirror"
"E.K.A.","1","sing49","","08.11.2019","nov","","pop","українська","","*","*","","*","*","","*","*","Київ","жіноча","Центр","Інші альбоми","https://toloka.to/photos/181127165048804752_f0_0.jpg",20209,"https://www.facebook.com/E.K.AofficialEKA/","https://itunes.apple.com/ua/album/1/1441144305"
"Electric Pussy","Heroin","sing51","","15.05.2019","may","","metal","англійська","","","","*","","","","","","Черкаси","мікс","Центр","Інші альбоми","https://f4.bcbits.com/img/0013392964_10.jpg",20408,"","https://electricpussy666.bandcamp.com/album/heroin"
"Endless Melancholy","Fragments of Scattered Whispers","sing52","","09.11.2019","nov","Somewhat Music","electronic","немає","-","*","*","*","*","*","*","*","*","Київ","чоловіча","Центр","Інші альбоми","https://f4.bcbits.com/img/a1276297634_16.jpg",20208,"https://www.facebook.com/emelancholy/","https://endlessmelancholy.bandcamp.com/album/fragments-of-scattered-whispers?fbclid=IwAR3y8L-ONzITcxSYM3DFQ10RrTHxsbnd09LEDz2DVIMxD7kq0q_fTgDfgbg"
"Evgeny Khmara","The Wheel of Life","sing53","","23.10.2019","oct","Instrumental, neo classical music","instrumental","немає","-","*","","","*","*","*","*","*","Київ","чоловіча","Центр","Інші альбоми","https://images-na.ssl-images-amazon.com/images/I/51TXb6SkFfL._SS500.jpg",20355,"https://www.facebook.com/EvgenyKhmara/","https://itunes.apple.com/us/album/the-wheel-of-life/1436901178"
"Filin","Прокинься","sing54","","22.12.2019","dec","hip hop","hip hop & rap","українська","","","*","","*","","","*","","Біла Церква","чоловіча","Центр","Інші альбоми","https://i1.sndcdn.com/artworks-000462704160-gqr6su-t500x500.jpg",20419,"","https://soundcloud.com/user-635953154/sets/prokinsya"
"Foa Hoka","Fon - Fonogram - Fonissimon","sing55","","30.12.2019","dec","experimental","avant-garde","немає","-","","","*","","","","","","Чернігів","чоловіча","Північ","Інші альбоми","https://f4.bcbits.com/img/a1534782742_16.jpg",20379,"https://www.facebook.com/Foa.Hoka.Fanclub/","https://skprecords.bandcamp.com/album/fon-fonogram-fonissimon?fbclid=IwAR0HFBRBTuoGbCJTn6QgSRhXJCynUkDr32AOiHP0PaZSk3ek5RrV2fJGPd8"
"Folknery","Son","sing56","","15.05.2019","may","meditation electro-folk","ethno","українська","","*","*","*","*","*","*","*","*","Київ","мікс","Центр","Інші альбоми","https://i1.sndcdn.com/avatars-000444025386-t5v9ps-t500x500.jpg",20210,"https://www.facebook.com/folknery/","https://soundcloud.com/folknery/sets/folknery-son"
"Fontaliza","Фірмові рухи","sing57","","11.10.2019","oct","pop","rock","українська","","*","*","","*","*","*","*","*","Горлівка","чоловіча","Схід","Інші альбоми","https://notatky.com.ua/wp-content/uploads/fonta-firmovi-ruh-400.jpg",20211,"https://www.facebook.com/Fontaliza/","https://itunes.apple.com/ua/album/%D1%84%D1%96%D1%80%D0%BC%D0%BE%D0%B2%D1%96-%D1%80%D1%83%D1%85%D0%B8/1438423534"
"FRANCO","Тремор","sing58","","30.11.2019","nov","alternative rock","rock","українська","","*","*","*","*","*","*","*","","Київ","чоловіча","Центр","Інші альбоми","https://notatky.com.ua/wp-content/uploads/franco-trmor-400.jpg",20212,"https://www.facebook.com/francoband/","https://soundcloud.com/franco_band/sets/tremor"
"Freel","Спалах","sing59","","19.11.2019","nov","rap","hip hop & rap","українська","","*","*","","*","*","*","*","*","Київ","чоловіча","Центр","Long list","https://notatky.com.ua/wp-content/uploads/spalah-400.jpg",20213,"https://www.facebook.com/me.freel/","https://soundcloud.com/me-freel/sets/freel-spalah"
"Galafo x Симптом(НЖН)","VERUM","sing60","","22.06.2019","jun","hip hop","hip hop & rap","російська","","*","*","","","","","*","","Київ","чоловіча","Центр","Інші альбоми","https://i1.sndcdn.com/artworks-000363844701-h22ohd-t500x500.jpg",20214,"","https://soundcloud.com/simptomaponika/sets/galafo-x-simptomnzhn-verum-2015-2018"
"Gamardah Fungus","Crossing The Wasteland","sing61","","01.11.2019","nov","Ambient / Drone / Noir","avant-garde","немає","-","","*","*","*","*","*","*","*","Дніпро","чоловіча","Схід","Long list","https://f4.bcbits.com/img/a2531966832_16.jpg",20215,"https://www.facebook.com/GamardahFungus","https://gamardahfungus.bandcamp.com/?fbclid=IwAR3ctGdSIZPtH-wCj-HH1bFatczYY7ZZI9J4K_PbHINJzHhhT8lP7JZSQEI"
"Garden Krist","Change of State","sing62","","02.04.2019","apr","electro","avant-garde","англійська","","","*","","","","","","","Київ","мікс","Центр","Інші альбоми","https://www.neformat.com.ua/images/imagecache/material_680w/releases/0eqaetBxD_c.jpg",20216,"https://www.facebook.com/groups/garden.krist/?ref=br_rs","https://soundcloud.com/garden_krist"
"General Sherman","Welcome to Almost There","sing63","*","12.09.2019","sep","hip hop","hip hop & rap","англійська","","*","*","*","*","*","*","*","*","Дніпро","чоловіча","Схід","Інші альбоми","https://direct.rhapsody.com/imageserver/images/Alb.327692131/500x500.jpg",20219,"https://www.facebook.com/musicofgeneralsherman/","https://soundcloud.com/general_sherman/sets/welcome-to-almost-there/s-3Ely8"
"Gerollds","Місце під сонцем","sing64","","09.02.2019","feb","rock ","rock","українська","eng","*","","","*","*","*","*","*","Київ","чоловіча","Центр","Інші альбоми","https://static.qobuz.com/images/covers/sa/23/or64au94s23sa_300.jpg",20217,"https://www.facebook.com/Gerollds/","https://itunes.apple.com/ru/album/%D0%BC%D1%96%D1%81%D1%86%D0%B5-%D0%BF%D1%96%D0%B4-%D1%81%D0%BE%D0%BD%D1%86%D0%B5%D0%BC/1343200510?l=uk"
"GG ГуляйГород","Ethno EnerGGy","sing65","","27.02","feb","dance, folk","ethno","українська","","*","","","*","*","*","*","*","Київ","мікс","Центр","Інші альбоми","https://notatky.com.ua/wp-content/uploads/gg-lp-400.jpg",20218,"https://www.facebook.com/GGProjectUA","https://itunes.apple.com/us/album/ethno-energgy/1355004576"
"Golos","Lost In Tape","sing66","*","22.08.2019","aug","electronic","electronic","немає","-","","*","*","","","","","","Львів","чоловіча","Захід","Інші альбоми","https://f4.bcbits.com/img/a3933793838_16.jpg",20220,"","https://soundcloud.com/golosp/sets/lost-in-tape-2018"
"Hains Point","Symmetry","sing67","","15.01.2019","jan","Indie Rock","rock","англійська","","*","","*","*","","","","*","Amsterdam","чоловіча","Закордон","Інші альбоми","https://images-na.ssl-images-amazon.com/images/I/61PJdalkmbL._SS500.jpg",20221,"https://www.facebook.com/hainspoint/","https://hainspointrock.bandcamp.com/album/symmetry"
"Heartprints","See It All","sing68","*","09.05.2019","may","metal","metal","англійська","","","*","","*","*","*","*","*","Запоріжжя","чоловіча","Південь","Інші альбоми","https://www.neformat.com.ua/images/imagecache/material_680w/releases/cover%20%282%29_1.jpg",20222,"https://www.facebook.com/Heartprintsband/","https://soundcloud.com/sunsetpoetry"
"Heinali","Iridescent","sing69","","12.10.2019","oct","Ambient, electronic","electronic","немає","-","*","","*","*","","*","*","*","Київ","чоловіча","Центр","Long list","https://assets.boomkat.com/spree/products/533512/large/192562903995.jpg",20223,"https://www.facebook.com/heinali/","https://itunes.apple.com/us/album/iridescent/1435071964"
"Hudaki Village Band","YO!","sing70","","28.01.2019","jan","ethno, folk","ethno","українська","","*","*","*","*","*","*","*","*","Нижнє селище","мікс","Захід","Long list","https://is1-ssl.mzstatic.com/image/thumb/Music118/v4/a4/da/55/a4da55bb-08af-86ae-545c-e2d71baa64c9/193428262881.jpg/626x0w.jpg",20224,"https://www.facebook.com/hudakivillageband/","https://hudakivillageband.bandcamp.com/releases"
"Indytronics (INDT)","Palace","sing72","","15.05.2019","may","alternative","indie","англійська","","*","*","","*","","","*","","Київ","чоловіча","Центр","Long list","https://www.neformat.com.ua/images/imagecache/material_680w/releases/42140103642_44c33eeefb_o.jpg",20225,"https://www.facebook.com/doyouknowindt","https://itunes.apple.com/ua/album/palace/1386327463?l=ru"
"I N G R E T","Не спи","sing71","*","12.10.2019","oct","alternative","indie","російська","укр","*","","","*","*","*","*","*","Київ","жіноча","Центр","Інші альбоми","https://scontent-frx5-1.xx.fbcdn.net/v/t1.0-9/43687249_548807408889935_224736049253842944_n.jpg?_nc_cat=103&_nc_ht=scontent-frx5-1.xx&oh=d84ed145a95476061f23c5187a7c03d0&oe=5CA8DDF6",20226,"https://www.facebook.com/INGRETmusic/?ref=br_rs","https://itunes.apple.com/ua/album/%D0%BD%D0%B5-c%D0%BF%D0%B8/1436865429?app=music&ign-mpt=uo%3D4"
"Inner Suffering","Slow Dance On The Ashes Of Failure","sing73","","03.02","feb","","metal","англійська","","","","*","","","","*","","Tulsa (USA)","мікс","Закордон","Інші альбоми","https://f4.bcbits.com/img/a0215637546_16.jpg",20227,"https://www.facebook.com/Inner-Suffering-164436420866143/","https://innersuffering.bandcamp.com/album/slow-dance-on-the-ashes-of-failure"
"Ivan NAVI","Такі Молоді","sing74","*","09.10.2019","oct","","pop","українська","","*","","","*","*","*","*","*","Львів","чоловіча","Захід","Інші альбоми","http://radioclub.ua/thumb/og_image_600x315_song/images/songs/2016/63/5b/58298a4de1088_58298a4c841b2.jpg",20228,"https://www.facebook.com/ivanofficialnavi","https://www.youtube.com/playlist?list=PLSql_sUXfrOKw-GkkWXydOY0V44OoDDs2"
"Ivan Блюz & Ігор Набаранчук","Наше останнє","sing75","","24.09.2019","sep","rock & alternative","rock","українська","","","","","","","","*","","Київ","чоловіча","Центр","Інші альбоми","https://i.ytimg.com/vi/2aEsR8jVtVk/maxresdefault.jpg",20229,"","https://www.youtube.com/watch?v=2aEsR8jVtVk"
"Jamala","Крила","sing76","","23.11.2019","nov","pop","pop","українська","eng","*","*","","*","*","*","","*","Київ","жіноча","Центр","Long list","https://yt3.ggpht.com/a-/AN66SAyal4UOP_mRAWdQ9PsZaopKiTWmno-UpC59xA=s900-mo-c-c0xffffffff-rj-k-no",20230,"https://www.facebook.com/jamalaofficial/","https://itunes.apple.com/ua/album/%D0%BA%D1%80%D0%B8%D0%BB%D0%B0/1437159875?l=ru"
"Jinjer","Cloud Factory","sing77","","16.02","feb","Groove metal","metal","англійська","рос","*","*","*","*","*","*","*","*","Донецьк","мікс","Схід","Long list","https://images.genius.com/bc6a0e3c5666c1feb8b498c5398bfe7e.700x700x1.jpg",20231,"https://www.facebook.com/JinjerOfficial/","https://itunes.apple.com/ru/album/cloud-factory/1323278426"
"Joneser","ВІЛЬНІ","sing78","*","06.04.2019","apr","indie-rock","pop","українська","","*","*","","*","*","","*","*","Київ","чоловіча","Центр","Інші альбоми","https://notatky.com.ua/wp-content/uploads/joneser400.jpg",20232,"https://www.facebook.com/joneser99/","https://soundcloud.com/joneser99/sets/vilni"
"Joryj Kłoc","KORA","sing79","","10.02","feb","rock, folk, ethno","ethno","українська","","","","*","*","","","","","Львів ","чоловіча","Захід","Інші альбоми","https://f4.bcbits.com/img/a2602113520_16.jpg",20380,"https://www.facebook.com/Joryj.Kloc.wataga/","https://play.google.com/store/music/album/Joryj_K%C5%82oc_KORA?id=Br3w4rvxccgodjngy4hb6xpppum&fbclid=IwAR0Y0O-wVOs0fRrkpGpj48CZk_VM0nubM1X4KGmRraqbrFRcHkICihF3q2Q"
"JULINOZA","I Am Riff","sing81","","03.07","jul","breakbeat","jazz","англійська","рос, укр","*","*","","*","*","*","*","","Одеса","мікс","Південь","Інші альбоми","https://notatky.com.ua/wp-content/uploads/july400.jpg",20233,"https://www.facebook.com/JulinozaMusic/","https://itunes.apple.com/us/album/i-am-riff/1400058032?app=apple%20music&ign-mpt=uo%3D4"
"JULINOZA","The Conductor of Imagination","sing80","","23.04.2019","apr","jazz, blues","jazz","англійська","рос","*","*","","*","*","*","*","*","Одеса","мікс","Південь","Інші альбоми","https://images.shazam.com/coverart/t107137983-b1372591830_s400.jpg",20234,"https://www.facebook.com/JulinozaMusic/","https://itunes.apple.com/us/album/the-conductor-of-imagination/1372591829"
"KAZKA","KARMA","sing82","*","27.04.2019","apr","pop","pop","українська","","*","","","*","*","*","*","*","Київ","мікс","Центр","Інші альбоми","https://notatky.com.ua/wp-content/uploads/KAZKA_KARMA_400.jpg",20235,"https://www.facebook.com/kazka.band/?ref=br_rs","https://itunes.apple.com/ua/album/karma/1373736543?app=music&ign-mpt=uo%3D4"
"Keepleer 18","Relictum","sing83","","03.04.2019","apr","Sludge","metal","дивна","","","","*","","","","*","","Чернігів","чоловіча","Північ","Інші альбоми","https://www.neformat.com.ua/images/imagecache/material_680w/releases/a2758802536_10.jpg",20416,"https://www.facebook.com/Keepleer18/","https://badroad.bandcamp.com/album/relictum"
"KID - S","Сльози та Вогонь","sing84","","04.02","feb","rock/psy pop/experimental","rock","українська","","","","","","","","*","","Дніпро","чоловіча","Схід","Інші альбоми","https://www.neformat.com.ua/images/imagecache/material_680w/releases/dd-SGah6MWY.jpg",20405,"https://www.facebook.com/groups/529674207387931/about/","https://www.youtube.com/watch?v=tntKGBXQFnY&list=PL8dEdGxsnhtyl9ijE3-kqRfw52dujJX6a"
"King Imagine","Femininho","sing85","","11.10.2019","oct","Experimental","avant-garde","англійська","рос","","","*","","","","*","","Київ","чоловіча","Центр","Long list","https://3.bp.blogspot.com/-2VEu6EPLlSg/W9gunNsKBHI/AAAAAAAAFTY/V615SBUgnw0iXzE1tEdCnOlp8ZECx-X2gCLcBGAs/s400/%25D0%25BC%25D1%2583%25D0%25B7%25D1%258B%25D0%25BA%25D0%25B0.jpg",20236,"https://www.facebook.com/King-Imagine-aka-Bass-Assassin-173298599390330/","https://skprecords.bandcamp.com/album/king-imagine-femininho"
"King Imagine","Next Nowhere.exe","sing86","","08.08.2019","aug","electronic","electronic","немає","-","","","*","","","","","","Київ","чоловіча","Центр","Інші альбоми","http://freake.ru/uploads/music/2018-08/1533764051-3542.jpg",20366,"https://www.facebook.com/King-Imagine-aka-Bass-Assassin-173298599390330/","https://soundcloud.com/cota303/sets/king-imagine-next-nowhereexe"
"Kira Mazur","Мій Folk","sing87","*","16.10.2019","oct","Ethno. Folk","ethno","українська","","*","*","","*","","","*","*","Погребище","жіноча","Центр","Інші альбоми","https://notatky.com.ua/wp-content/uploads/folk-400.jpg",20237,"https://www.facebook.com/kira.mazur.official/","https://itunes.apple.com/ua/album/%D0%BC%D1%96%D0%B9-folk/1438840816?l=ru"
"Komissiya","R.Complex","sing88","*","14.09.2019","sep","alternative indie","indie","англійська","","*","*","*","*","*","*","*","*","Київ","чоловіча","Центр","Інші альбоми","https://i1.sndcdn.com/artworks-000405170751-a6v3aj-t500x500.jpg",20238,"https://www.facebook.com/komissiya/","https://soundcloud.com/masterskayalab/sets/komissiya-r-complex"
"Kozak System","Не моя","sing89","","30.03.2019","mar","folk-rock","rock","українська","","*","*","","*","*","*","*","*","Київ","чоловіча","Центр","Інші альбоми","https://notatky.com.ua/wp-content/uploads/ks-ne-moya400.jpg",20239,"https://www.facebook.com/kozaksystemband","https://itunes.apple.com/ua/album/%D0%BD%D0%B5-%D0%BC%D0%BE%D1%8F/1361011073?l=uk"
"Kreker","LocoMotive","sing90","","01.04.2019","apr","hip-hop & rap","hip hop & rap","українська","","","*","*","","*","","*","","Івано-Франківськ","чоловіча","Захід","Інші альбоми","https://f4.bcbits.com/img/a1978032873_10.jpg",20420,"","https://soundcloud.com/krekerprod/sets/locomotive?fbclid=IwAR0lRcyEBA0Rzo0z0Xzr0fsHOEIboGH4hY9SjfBz0InC31Dy65RRDqlDCQA"
"Kroda","SELBSTWELT REMASTERED","sing91","","02.10.2019","oct","Black Metal","metal","українська","","","","*","","","","*","","Львів ","чоловіча","Захід","Інші альбоми","https://f4.bcbits.com/img/a3677994342_16.jpg",20240,"https://www.facebook.com/krodaua/","https://kroda.bandcamp.com/album/selbstwelt-remastered"
"KRUTЬ","Live Concert With Chamber Orchestra","sing92","","19.10.2019","oct","","indie","українська","eng","*","","","*","","","","","Київ","жіноча","Центр","Long list","https://cdns-images.dzcdn.net/images/cover/65781a196af84a8b8b24bb2509ecd52e/200x200-000000-80-0-0.jpg",20364,"https://www.facebook.com/bandurakrut/","https://play.google.com/store/music/album/KRUT%D0%AC_Live_Concert_With_Chamber_Orchestra?id=Bct5uphaqmky44no3ba7z2j7j74"
"KUBA","NO! Мене нема","sing93","*","25.07.2019","jul","hip hop","hip hop & rap","українська","","","*","","*","","","*","","Севастополь / Львів","чоловіча","Захід","Інші альбоми","https://i1.sndcdn.com/avatars-000481559067-84u2r6-t500x500.jpg",20241,"https://www.facebook.com/kuba.bnd/","https://play.google.com/store/music/album/KUBA_NO_%D0%9C%D0%B5%D0%BD%D0%B5_%D0%BD%D0%B5%D0%BC%D0%B0?id=Bouiupdqjzdozdu4s2vvkl4syxu"
"Kulakostas","Anxiety","sing94","","07.12.2019","dec","neo-garage","electronic","англійська","","*","*","","*","*","*","*","*","Донецьк","чоловіча","Схід","Інші альбоми","https://geo-static.traxsource.com/files/images/86717c070efe4faa8b3f683083347f0f.jpg",20242,"https://www.facebook.com/kulakostas/","https://soundcloud.com/kulakostas/sets/anxiety?fbclid=IwAR2uKeKPq19EzIZWyXcpjV55VtDtYkhZNoh9WEp-bCrnho9V-oUV6IGNDzQ"
"Kurs Valüt","Veselo","sing95","*","13.11.2019","nov","Синтетичні інсинуації","electronic","українська","","*","","*","*","*","*","*","*","Дніпро","чоловіча","Схід","Long list","https://www.neformat.com.ua/images/imagecache/material_680w/news/a1880907266_10.jpg",20243,"https://www.facebook.com/gurtkursvalut/","https://pincet.bandcamp.com/album/veselo?fbclid=IwAR2uq0kFNmROvXrnlNv1JxJMKryzeyq7hnIJ4pDkQH7Hlt2QvKEau2QIhAE"
"Kyiv Ethno Trio","Kyiv Ethno Trio","sing96","*","25.10.2019","oct","Folk, world music, ethno","ethno","українська","","*","*","","*","*","*","","*","Київ","чоловіча","Центр","Інші альбоми","https://images-na.ssl-images-amazon.com/images/I/51d-MIuAB5L._SS500.jpg",20358,"https://www.facebook.com/KyivEthnoTrio/","https://soundcloud.com/kyivethnotrio/sets/album"
"La Horsa Bianca","Somatic Schematic","sing97","*","05.10.2019","oct","psychedelic ","avant-garde","українська","","","","*","*","*","*","*","","Харків","мікс","Схід","Інші альбоми","https://www.neformat.com.ua/images/imagecache/material_680w/news/a2524263620_10.jpg",20244,"https://www.facebook.com/lahorsabianca","https://lahorsabianca.bandcamp.com/album/somatic-schematic"
"LATEXFAUNA","Ajahuaska","sing98","","11.05.2019","may","indie pop","indie","українська","","*","*","","*","*","*","*","*","Київ","чоловіча","Центр","Long list","https://images.genius.com/18bec85e198cec2eea3869cfaea3ce85.600x600x1.jpg",20245,"https://www.facebook.com/latexfauna/","https://www.deezer.com/en/album/62151552"
"LAUD","Музика","sing99","*","23.10.2019","oct","","pop","українська","","*","*","","*","*","*","*","*","Київ","чоловіча","Центр","Long list","https://toloka.to/photos/181025122857804752_f0_0.jpg",20246,"https://www.facebook.com/laudenjoy/?ref=br_rs","https://soundcloud.com/enjoylaud/sets/music"
"Leftie","Caveman On a Date","sing100","","15.05.2019","may","idm, electronic","electronic","немає","-","*","*","*","*","*","*","*","*","Київ","чоловіча","Центр","Інші альбоми","http://freake.ru/uploads/music/2018-05/1527011706-6648.jpg",20369,"","https://itunes.apple.com/us/album/caveman-on-a-date/1387553958?fbclid=IwAR2p7qCSuwXFQKm0fiDK_KURy4C7KfBK3wSkjJCpSEUOZGu0PlTZgiMuM4g"
"LemOjOviE","We Do","sing101","*","22.02","feb","Funk, Soul, Nu Disco, Hip-Hop","hip hop & rap","російська","eng","*","*","","*","*","*","*","*","Київ","чоловіча","Центр","Інші альбоми","http://freake.ru/uploads/music/2018-02/350-1519212829-5444.jpg",20247,"https://www.facebook.com/lemojovie/","https://itunes.apple.com/ua/album/we-do/1340996107?l=ru"
"Lutomysl","Ecce Homo","sing102","","14.12.2019","dec","Black Metal","metal","українська","","","","*","","","","*","","Житомир","чоловіча","Центр","Інші альбоми","https://f4.bcbits.com/img/a0068071196_16.jpg",20248,"https://www.facebook.com/Lutomysl/","https://lutomysl.bandcamp.com/album/ecce-homo"
"Lyudska Podoba","Volnydorozhkibarashki","sing103","*","28.09.2019","sep","Experimental electronic pop","avant-garde","російська","","*","*","*","*","*","*","*","*","Київ","мікс","Центр","Long list","https://f4.bcbits.com/img/a3570139740_16.jpg",20249,"https://www.facebook.com/LyudskaPodoba/","https://itunes.apple.com/ua/album/volnydorozhkibarashki/1437747002?i=1437747225"
"Mamanet","Pop","sing104","","30.11.2019","nov","pop","pop","російська","eng","*","*","","*","*","","","*","Краматорськ","чоловіча","Схід","Інші альбоми","https://i1.sndcdn.com/artworks-000450082899-0i4cdj-t500x500.jpg",20356,"https://www.facebook.com/mamanetgroup/","https://itunes.apple.com/us/album/pop/1444229935"
"Marakesh","Новый День","sing105","","19.05.2019","may","Rock","rock","російська","","*","*","*","*","*","*","*","*","Berlin","чоловіча","Закордон","Інші альбоми","https://f4.bcbits.com/img/a2935581704_10.jpg",20250,"https://www.facebook.com/marakeshmusic/","https://soundcloud.com/marakeshband/sets/newday"
"MARU","POMPIDOU","sing106","","02.10.2019","oct","","indie","українська","eng","*","","","*","*","*","*","*","Київ","мікс","Центр","Інші альбоми","http://rs.img.com.ua/crop?v2=1&w=600&h=0&url=%2F%2Fv.img.com.ua%2Fb%2Forig%2Fd%2F96%2F8e044e50428218d298cb99d50e80e96d.jpg",20251,"https://www.facebook.com/MARU.MUSIC.UA/?fref=mentions&__xts__%5b0%5d=68.ARCLzQYi7LpgP0kct6z5022-_hhTsDzV6-1I8ajiIsJg6RAgXnU0DpBgu-cVnbgsXHPr91zn6MYRpEns4p6qJw-0s_fIwxBZBl0MAEh1inKDDQ1Dm3hAa89qp-XAmAvqBXWXac6I2hAk217AzUyHhlFidqbrtDwRKQIhaNE65qxFoalxgUjj9g&__tn__=K-R","https://itunes.apple.com/us/album/pompidou/1435544630?app=itunes&ign-mpt=uo%3D4"
"MARUV","Black Water","sing107","*","28.09.2019","sep","dance","pop","англійська"," укр","*","","","*","*","*","*","*","Київ","мікс","Центр","Інші альбоми","https://mexedi.net/uploads/Maruv_-_black.jpg",20357,"https://www.facebook.com/MaruvOfficial/","https://itunes.apple.com/ua/album/black-water/1434881391"
"Max Tovstyi","Mesmerize","sing108","","21.05.2019","may","blues/progressive rock","rock","англійська","","*","","*","*","*","*","*","*","Київ","чоловіча","Центр","Інші альбоми","https://i4.cdn.hhv.de/catalog/475x475/00609/609504.jpg",20252,"https://www.facebook.com/maxtovstyi?hc_ref=ARSQaOuirVUVZNTd5LfkQga6mOOO0KxWN2EmFEtS8qoGgiB1T9DlWX2Cs4YixL1wHDo&fref=nf&post_id=1961341663886014&__tn__=CH-R","https://maxtovstyi.bandcamp.com/album/mesmerize"
"Mizantropia","Out of mind","sing109","","31.08.2019","aug","extreme gothic/dark metal","metal","англійська","","*","","","*","*","","*","*","Запоріжжя","мікс","Південь","Інші альбоми","http://www.dailymetal.com.ua/wp-content/uploads/2018/10/ivV4pOGhKJ4-1024x1024.jpg",20397,"https://www.facebook.com/Mizantropia-130594892316/","https://www.youtube.com/watch?v=NkdNIV3DLQg"
"Monotronique","Heat Absorber","sing110","*","07.11.2019","nov","Electronica","electronic","немає","-","*","*","*","*","*","*","*","*","Харків","чоловіча","Схід","Інші альбоми","https://f4.bcbits.com/img/a4105798008_10.jpg",20377,"https://www.facebook.com/monotroniquebeats/","https://soundcloud.com/monotronique/sets/monotronique-heat-absorber?fbclid=IwAR3-nnGUrPsyt3x6pI1xQc_J_7jQFxbXLgpVJTtunn6AxXEWIfHwJrIJ9TQ"
"MOONZOO","Sad Dance","sing111","*","12.11.2019","nov","electronic","electronic","англійська","","*","*","","*","*","*","*","*","Львів","чоловіча","Захід","Інші альбоми","https://www.neformat.com.ua/images/imagecache/material_680w/news/46146061_313897185873503_4655654766867644416_n.jpg",20253,"https://www.facebook.com/moonzooband/","https://soundcloud.com/moonzooband/sets/moonzoo-sad-dance"
"Mountain Breeze","Say It Loud","sing112","*","04.05.2019","may","Pop/Rock","pop","англійська","","*","","","*","*","*","*","*","Полтава","чоловіча","Центр","Інші альбоми","https://t2.genius.com/unsafe/220x220/https%3A%2F%2Fimages.genius.com%2F1cc7b0cf39218dc30aaf1e38d33633ca.1000x1000x1.jpg",20254,"https://www.facebook.com/mbreezeofficial","https://itunes.apple.com/ua/album/say-it-loud/1374217165?app=itunes&ign-mpt=uo%3D4"
"Natalka Karpa","Сонцезалежна","sing114","","20.07.2019","jul","Pop/Rock","pop","українська","eng","*","","","*","*","*","*","*","Львів","жіноча","Захід","Інші альбоми","https://images.shazam.com/coverart/t318405252-b1413341385_s400.jpg",20256,"https://www.facebook.com/natalkakarpa/","https://itunes.apple.com/us/album/%D1%81%D0%BE%D0%BD%D1%86%D0%B5%D0%B7%D0%B0%D0%BB%D0%B5%D0%B6%D0%BD%D0%B0/1413340112"
"Need Some Air","Generation","sing115","*","04.05.2019","may","Rock","rock","англійська","","*","","","*","*","","*","*","Херсон","чоловіча","Південь","Інші альбоми","http://moon.ua/uploads/images/news/219/1525424480.jpg",20255,"https://www.facebook.com/nsaone","https://itunes.apple.com/ua/album/generation/1375986921?app=itunes&ign-mpt=uo%3D4"
"Nemo 322","Х.Л.А.М.","sing116","","19.12.2019","dec","hip hop, rap","hip hop & rap","українська","","*","*","","*","*","*","*","","Львів","чоловіча","Захід","Інші альбоми","http://cdbaby.name/t/i/tialb01508847_large.jpg?v=7ba0a096-1c3f-4ea5-b03a-80d04599bcbe",20363,"https://www.facebook.com/nemo322official/","https://soundcloud.com/nemo322/sets/nemo322-hlam/s-abeRB?fbclid=IwAR2CluKrZ0kneqPQq1m30jrUJ3kiWJSQSqUu7_CrXv9-cuikm2IAfP3Za-s"
"N.G.L.","Новий рівень гри","sing113","*","30.09.2019","sep","dance electronic & hard core","rock","українська","","","*","","*","*","*","*","*","Київ","чоловіча","Центр","Інші альбоми","http://mhz.kiev.ua/mp3/NGL/2018%20-%20Novy%20riven%20gry/cd_b.jpg",20259,"https://www.facebook.com/N.G.L.band/?eid=ARBhKqo3DyqHVtYG3nsVRGPcTbNnUZoHTU2wmgNyzEMON6mVwnkqXfQd_juU0MBaEZEsD4srs5pzuNPT","https://www.youtube.com/playlist?list=OLAK5uy_nb0qhRaJHeNV__dGxtHYLwwUCaOqCpKtg"
"Nine Hills","TULPA","sing117","*","18.03.2019","mar","","metal","російська","","","*","*","","","","","","Харків","чоловіча","Схід","Інші альбоми","https://www.neformat.com.ua/images/imagecache/material_680w/releases/a0744791108_10.jpg",20391,"","https://ninehills.bandcamp.com/album/tulpa"
"NK","No Komments","sing118","*","12.10.2019","oct","pop","pop","російська","укр","*","","","*","*","*","*","*","Київ","жіноча","Центр","Інші альбоми","https://avatars.yandex.net/get-music-content/119639/27c4e489.a.5807964-1/m1000x1000",20258,"https://www.facebook.com/nastya.kamenskux","https://itunes.apple.com/ru/album/no-komments/1437532085?ign-mpt=uo%3D2"
"Nooit","OA​-​I","sing119","*","13.03.2019","mar","noise","avant-garde","немає","-","","","*","","","","*","","","інша","інший","Інші альбоми","https://f4.bcbits.com/img/a0177753652_10.jpg",20413,"","https://nooit.bandcamp.com/album/oa-i"
"Novi","Залишатися справжнім","sing120","*","19.04.2019","apr","","pop","українська","eng, рос","*","","","*","*","*","*","*","Київ","мікс","Центр","Інші альбоми","https://rock.ua/rockdb/i/cd/full/1074-zalishatisya_spravjnim.jpg",20257,"https://www.facebook.com/novibandua","https://www.deezer.com/ru/album/61361122"
"Numero Nero","Late","sing121","*","09.10.2019","oct","Fast and emotional punk rock band","rock","англійська","","*","*","*","*","*","*","*","*","Запоріжжя","чоловіча","Південь","Інші альбоми","https://f4.bcbits.com/img/a3072026893_10.jpg",20390,"https://www.facebook.com/zpnumero/","https://numeronero.bandcamp.com/album/late"
"One Planet Orchestra","Саме той час!","sing122","*","04.05.2019","may","","indie","українська","","*","*","","*","*","*","*","*","Київ","мікс","Центр","Інші альбоми","http://www.nahati.com.ua/wp-content/uploads/2018/02/One_Planet_Orchestra_Na-Hati-Records-s-300x300.jpg.pagespeed.ce.r2NZ2Ldx1l.jpg",20260,"https://www.facebook.com/oneplanetorchestra/","https://soundcloud.com/oneplanetorchestra?fbclid=IwAR37oUU8znRK9LpUmWBC_BBNhpKPr89NamYcrN1alZg02GU1uBoIjAwKPFs"
"ONUKA","MOZAЇKA","sing123","","22.03.2019","mar","electronic","electronic","українська","eng","*","*","","*","*","*","*","*","Київ","мікс","Центр","Long list","https://i1.sndcdn.com/artworks-000321441057-5qvvj7-t500x500.jpg",20261,"https://www.facebook.com/onuka.official/","https://soundcloud.com/onukaofficial/sets/onuka-mozaika"
"Orest Filipov","Unseen World","sing124","*","25.02","feb","Jazz","jazz","немає","-","*","","*","*","*","*","*","*","Київ","чоловіча","Центр","Інші альбоми","https://f4.bcbits.com/img/a2519370656_16.jpg",20262,"https://www.facebook.com/ForrestFilipps/","https://fancymusic.bandcamp.com/album/unseen-world"
"Orpha","Orpha","sing125","*","14.08.2019","aug","Post-hardcore","rock","англійська","","*","","*","*","","","","*","Київ","чоловіча","Центр","Інші альбоми","https://f4.bcbits.com/img/a1791881131_16.jpg",20263,"https://www.facebook.com/orphakyiv/","https://orpha.bandcamp.com/album/orpha"
"OwlCraft","Enigmatic Dissolution","sing126","","08.01.2019","jan","Metal","metal","англійська","","","","*","","","","*","","Черкаси","чоловіча","Центр","Інші альбоми","https://f4.bcbits.com/img/a3033304323_16.jpg",20264,"https://www.facebook.com/owlkvlt/","https://owlcraftmusic.bandcamp.com/album/enigmatic-dissolution-lp-2018"
"Palmo X","A.T.C.W.","sing127","*","18.02","feb","Electronic, Pop, Synth","electronic","англійська","укр","*","*","*","*","*","*","*","*","Львів","жіноча","Захід","Інші альбоми","https://i1.sndcdn.com/artworks-000305075274-sjtp39-t500x500.jpg",20265,"https://www.facebook.com/palmoxmusic","https://soundcloud.com/palmo_x/sets/palmo-x-a-t-c-w-album"
"Paul Montero","I GIVE YOU MY","sing128","*","26.10.2019","oct","pop","pop","англійська","","*","*","","*","*","*","*","*","Дніпро","чоловіча","Схід","Інші альбоми","https://i1.sndcdn.com/avatars-000525769635-2c3b4t-t500x500.jpg",20266,"https://www.facebook.com/MonteroSinger/","https://soundcloud.com/paul_montero"
"PIANO","Знаки","sing129","*","30.04.2019","apr","indie","indie","українська","","*","*","","*","","","*","*","Львів","мікс","Захід","Інші альбоми","https://i1.sndcdn.com/artworks-000345125646-6vuezx-t500x500.jpg",20267,"https://www.facebook.com/lvivpianoband","https://soundcloud.com/piano-band-1/sets/piano-1"
"Postman","Everything is New","sing130","","09.07","jul","indie folk","country","англійська","укр","*","*","","*","*","*","*","*","Київ","чоловіча","Центр","Long list","https://img.the-village.com.ua/the-village.com.ua/post_image-image/LuxoslUMWVhsFs1mleTjGw-article.jpg",20268,"https://www.facebook.com/postmansings/","https://soundcloud.com/postmanplays/sets/everything-is-new-lp-2018"
"Pree Tone","Kiddy","sing131","*","19.08.2019","aug","nosie rock, shoegaze","rock","англійська","","*","*","*","*","*","","*","","Київ","чоловіча","Центр","Інші альбоми","https://f4.bcbits.com/img/a1770073286_10.jpg",20269,"https://www.facebook.com/preetone","https://preetone.bandcamp.com/album/kiddy"
"PRID PROD","Приехали","sing132","","11.05.2019","may","rap","hip hop & rap","англійська","укр, рос","","","*","*","*","","*","*","Херсон","чоловіча","Південь","Інші альбоми","https://f4.bcbits.com/img/a2906749580_10.jpg",20404,"https://www.facebook.com/pridprodpage/","https://suckpuckrecordz.bandcamp.com/album/lp"
"protoU","Echoes of the Future","sing133","","28.08.2019","aug","Drone","avant-garde","немає","-","*","*","*","*","*","","*","*","Київ","жіноча","Центр","Інші альбоми",NA,NA,NA,NA
"Pulatova","Рой","sing134","*","29.09.2019","sep","rock","rock","російська","","*","*","*","*","*","*","*","*","Одеса","мікс","Південь","Інші альбоми","https://f4.bcbits.com/img/a1206735480_16.jpg",20270,"https://www.facebook.com/pulatova.music/","https://soundcloud.com/pulatova/sets/roy"
"Quiet Observer","Blocks of life","sing135","","14.10.2019","oct","‪‎progressive metal‬","rock","немає","-","","","*","","","","","","Ужгород","чоловіча","Захід","Інші альбоми","https://f4.bcbits.com/img/a3161331562_16.jpg",20271,"","https://parallelsynchronizedrandomness.bandcamp.com/album/blocks-of-life"
"RapeKit","ClitCult","sing137","*","13.03.2019","mar","porn-grind, downtuned punk","rock","немає","-","","*","*","","","","*","","Київ","чоловіча","Центр","Інші альбоми","https://f4.bcbits.com/img/a3322433597_16.jpg",20415,"https://www.facebook.com/RapeKit-porn-grind-band-460664343958290/","https://rapekit.bandcamp.com/album/clitcult"
"Raventale","Pathogenesis","sing138","","01.10.2019","oct","Atmospheric Black Metal","metal","англійська","","","","*","","","","*","","Київ","чоловіча","Центр","Інші альбоми","https://f4.bcbits.com/img/a0783647610_10.jpg",20272,"https://www.facebook.com/raventaleofficial/","https://raventale.bandcamp.com/?fbclid=IwAR38rALwxJSvVs6PSqheUydqFO9nJ74o9Rm391pd15y-jpQX3FVDBSUDE5c"
"Refinders","Skin Effect","sing139","*","22.06.2019","jun","sinty pop, electronic","electronic","англійська","","*","*","","*","*","*","*","*","Київ","чоловіча","Центр","Інші альбоми","https://www.neformat.com.ua/images/imagecache/material_680w/releases/_23_0.jpg",20273,"https://www.facebook.com/refindersband.official/","https://itunes.apple.com/ua/album/skin-effect/1400968018?app=music&ign-mpt=uo%3D4"
"Relict Trauma","r∅t∅ release","sing140","*","04.03.2019","mar","non-correlationist noise","avant-garde","немає","-","","","*","","","","","","Чернігів / Київ","чоловіча","Північ","Інші альбоми","https://f4.bcbits.com/img/a3890321513_16.jpg",20393,"https://www.facebook.com/traumaoflifenoise","https://relicttrauma.bandcamp.com/album/r-t-release-official-album-record-01"
"Relict Trauma","r∅t∅ release","sing142","*","04.03.2019","mar","non-correlationist noise","avant-garde","немає","-","","","*","","","","","","Чернігів / Київ","чоловіча","Центр","Інші альбоми","https://f4.bcbits.com/img/a3890321513_16.jpg",20393,"https://www.facebook.com/traumaoflifenoise","https://relicttrauma.bandcamp.com/album/r-t-release-official-album-record-01"
"Relict Trauma","under the Yellow sign","sing141","","27.06.2019","jun","non-correlationist noise","avant-garde","немає","-","","","*","","","","","","Чернігів / Київ","чоловіча","Північ","Інші альбоми","https://f4.bcbits.com/img/a0117315995_16.jpg",20406,"https://www.facebook.com/traumaoflifenoise","https://relicttrauma.bandcamp.com/album/under-the-yellow-sign"
"Relict Trauma","under the Yellow sign","sing143","","27.06.2019","jun","non-correlationist noise","avant-garde","немає","-","","","*","","","","","","Чернігів / Київ","чоловіча","Центр","Інші альбоми","https://f4.bcbits.com/img/a0117315995_16.jpg",20406,"https://www.facebook.com/traumaoflifenoise","https://relicttrauma.bandcamp.com/album/under-the-yellow-sign"
"RESOLVENTA","Окаянные дни","sing144","*","22.09.2019","sep","dark hardcore, crust","rock","російська","","","","*","","","","*","","Київ","чоловіча","Центр","Інші альбоми","https://f4.bcbits.com/img/a0840881808_10.jpg",20396,"https://www.facebook.com/resolventaband/","https://resolventa.bandcamp.com/album/-"
"Reve ta Stohne","Mythologia","sing145","*","13.02","feb","grunge/folk","avant-garde","українська","","*","*","","*","*","*","*","*","Київ","чоловіча","Центр","Інші альбоми","https://toloka.to/photos/180303201302195321_f0_0.jpg",20274,"https://www.facebook.com/revetastohne/","https://soundcloud.com/reve-ta-stohne/sets/mythologia"
"Riya","Ейфорія","sing146","","18.09.2019","sep","pop","pop","українська","","*","","","*","*","*","*","*","Київ","жіноча","Центр","Інші альбоми","https://toloka.to/photos/180919123223804752_f0_0.jpg",20275,"https://www.facebook.com/riyamusic/","https://itunes.apple.com/ua/album/%D0%B5%D0%B9%D1%84%D0%BE%D1%80%D1%96%D1%8F/1436616004?l=ru&fbclid=IwAR2GlcQLT4VTLjkvlcCOhv0jXUeQGeLMdtPrSMEEU18ECcsVNpxoeOJKLvE"
"Rostyslav Voitko","Above the Crowd","sing147","*","09.11.2019","nov","Jazz","jazz","немає","-","*","","","*","*","*","","","Вінниця","чоловіча","Центр","Інші альбоми","https://i.scdn.co/image/1e4071542a4889c420fa61e4bf8e6d3d9cf26585",20276,"","https://itunes.apple.com/ca/album/above-the-crowd/1441802621?fbclid=IwAR1K1ddUAyp9_U2Wqf0nAby3elG-WGZYChSiYd8rFKijGnWvTox2BaT2nzA"
"r.roo","Delicate reflex part 3","sing136","","31.07.2019","jul","electronic","electronic","російська","","*","","*","*","*","*","*","*","Київ","чоловіча","Центр","Long list","https://f4.bcbits.com/img/a1227643159_10.jpg",20370,"https://www.facebook.com/rroo.idm/","https://rroo.bandcamp.com/album/delicate-reflex-part-3"
"Satisfaction","Satisfaction, Vol. 1","sing148","","26.08.2019","aug","Rock","rock","російська","","*","","","*","*","","*","*","","чоловіча","інший","Інші альбоми","https://direct.rhapsody.com/imageserver/images/Alb.327823827/500x500.jpg",20277,"","https://itunes.apple.com/us/album/satisfaction-vol-1/1435528055"
"Sectorial","VYR","sing149","","09.11.2019","nov","Blackened Death Metal, Ethnic","metal","українська","","*","","*","*","*","*","*","*","Боярка","чоловіча","Центр","Інші альбоми","https://noizr.com/files/page/20/5bc793888b6671.jpg",20278,"https://www.facebook.com/sectorialUA/","https://sectorial.bandcamp.com/?fbclid=IwAR0LNfu7BBw9WclwF6w-VvW1aECF-JBOi3cCGpQnTF6GytmXVn9D-nETIW8"
"Sex Blender","Hormonizer","sing150","*","20.04.2019","apr","Psychedelic, Stoner,","rock","немає","-","*","*","*","*","*","*","*","*","Львів","чоловіча","Захід","Інші альбоми","https://f4.bcbits.com/img/a3591851549_16.jpg",20279,"https://www.facebook.com/sexblender/","https://sexblender.bandcamp.com/album/hormonizer"
"SHCOLA","Naїve","sing151","*","04.02","feb","dark pop","rock","англійська","","","*","","","","","*","","Київ","чоловіча","Центр","Інші альбоми","https://rock.ua/rockdb/i/cd/full/1033-naive.jpg",20381,"https://www.facebook.com/shcolaband/","https://soundcloud.com/shcola/sets/na-ve-2018"
"Sheetel","Mr. White","sing152","*","21.11.2019","nov","","rock","немає","-","*","*","","","*","*","*","","Київ","чоловіча","Центр","Інші альбоми","https://images-na.ssl-images-amazon.com/images/I/51biICauOAL._SS500.jpg",20371,"https://www.facebook.com/sheetelmusic/","https://itunes.apple.com/ua/album/mr-white/1444828919?l=uk"
"Sherpa the Tiger","Great Vowel Shift","sing153","*","18.05.2019","may","krautrock/ambient","electronic","немає","-","*","*","*","*","*","*","*","*","Львів","чоловіча","Захід","Інші альбоми","https://f4.bcbits.com/img/a0609264172_10.jpg",20280,"https://www.facebook.com/sherpathetiger/","https://itunes.apple.com/ua/album/great-vowel-shift/1384971356?app=music&ign-mpt=uo%3D4"
"SINOPTIK","Fields On Fire","sing154","","10.04.2019","apr","metal","rock","англійська","","*","","*","*","*","*","*","*","Донецьк","чоловіча","Схід","Інші альбоми","https://www.neformat.com.ua/images/imagecache/material_680w/releases/a1160045063_10.jpg",20281,"https://www.facebook.com/SinoptikBand","https://soundcloud.com/sinoptik_band/sets/fof"
"Sleep in Heads","On the Air","sing155","*","01.03.2019","mar","Progressive metal","metal","англійська","","*","","*","*","*","*","*","*","Київ","мікс","Центр","Інші альбоми","http://www.dailymetal.com.ua/wp-content/uploads/2018/03/Sleep_In_Heads_cover.jpg",20375,"https://www.facebook.com/sleepinheads/","https://sleepinheads.bandcamp.com/"
"Small Depo","ДЕБИЛЬНЫЙ","sing156","","14.09.2019","sep","post-punk","rock","російська","","*","*","*","*","*","*","*","","Київ","мікс","Центр","Інші альбоми","https://www.neformat.com.ua/images/imagecache/material_680w/releases/a1501599158_10.jpg",20282,"https://www.facebook.com/smalldepo","https://soundcloud.com/smalldepo/sets/debilniy/s-2ID9c"
"soda 9000","Скажи ей пусть послушает","sing157","*","01.11.2019","nov","rap","hip hop & rap","російська","","*","","*","*","*","*","*","*","Київ","чоловіча","Центр","Інші альбоми","https://ar.toneden.io/22331033/1cc4a2ae-50f3-4d7a-aa1e-6f4943812939",20283,"","https://itunes.apple.com/ru/album/%D1%81%D0%BA%D0%B0%D0%B6%D0%B8-%D0%B5%D0%B9-%D0%BF%D1%83%D1%81%D1%82%D1%8C-%D0%BF%D0%BE%D1%81%D0%BB%D1%83%D1%88%D0%B0%D0%B5%D1%82/1440171296"
"Somali Yacht Club","The Sea","sing158","","22.01.2019","jan","rock","rock","англійська","","*","","*","*","*","*","*","*","Львів","чоловіча","Захід","Інші альбоми","https://f4.bcbits.com/img/a1537465582_16.jpg",20284,"https://www.facebook.com/Somaliyachtclub/","https://robustfellow.bandcamp.com/album/the-sea"
"Soom","Djebars","sing159","","20.04.2019","apr","RAVE DOOOM","avant-garde","українська","","*","","*","*","*","","*","*","Харків","чоловіча","Схід","Інші альбоми","https://cdn.mp3xa.pw/proxy-static/pp.userapi.com/c845418/v845418587/6b42e/P6VhkBfre4E.jpg",20285,"https://www.facebook.com/soomdoom/","https://soom.bandcamp.com/"
"Space Of Variations","Mind Darknet","sing160","*","01.11.2019","nov","Metal","metal","англійська","","*","*","*","*","*","*","*","","Вінниця","чоловіча","Центр","Інші альбоми","https://f4.bcbits.com/img/a3935901136_16.jpg",20286,"https://www.facebook.com/SpaceOfVariations/","https://itunes.apple.com/ua/album/mind-darknet/1440615828"
"SpivOberta","Нові Мости","sing161","*","22.08.2019","aug","Pop, Electronic","pop","українська","","*","*","","*","*","*","*","*","Добропілля","чоловіча","Схід","Інші альбоми","https://notatky.com.ua/wp-content/uploads/DDsfd-2_2-400.jpg",20287,"https://www.facebook.com/spivoberta","https://soundcloud.com/spivoberta/sets/novimosty"
"Stars & Mellow","Everywhere","sing162","*","02.04.2019","apr","Alternative","rock","англійська","","*","","","*","*","*","*","*","Київ","чоловіча","Центр","Інші альбоми","http://overdrive.com.ua/wp-content/uploads/2018/04/artworks-000299668098-s0w385-t500x500.jpg",20288,"https://www.facebook.com/starsandmellow/","https://itunes.apple.com/ua/album/everywhere/1359827842"
"Stoned Jesus","Pilgrims","sing163","","07.09.2019","sep","rock","rock","англійська","","*","*","*","*","*","*","*","*","Київ","чоловіча","Центр","Long list","https://f4.bcbits.com/img/a1224613244_10.jpg",20289,"https://www.facebook.com/stonedjesusband/","https://itunes.apple.com/us/album/pilgrims/1403423847"
"stonefromthesky","Spirals","sing164","*","20.07.2019","jul","Electronic/Experimental","electronic","англійська","","*","","*","*","*","*","*","","Київ","чоловіча","Центр","Інші альбоми","https://f4.bcbits.com/img/a3908647420_10.jpg",20412,"https://www.facebook.com/stonefromthesky","https://iamstonefromthesky.bandcamp.com/album/spirals"
"Svrm","Лихиї вітри стогнуть без упину","sing165","*","15.05.2019","may","","metal","українська","","","","*","*","*","","*","*","Харків","чоловіча","Схід","Інші альбоми","https://f4.bcbits.com/img/a3070001471_10.jpg",20367,"https://www.facebook.com/Svrm-407478693053139/","https://svrm.bandcamp.com/album/--6"
"TARABAROVA","23:25","sing166","","12.10.2019","oct","pop","pop","українська","","*","","","*","*","*","*","*","Київ","жіноча","Центр","Інші альбоми","http://www.musicboxua.tv/wp-content/uploads/2018/09/TARABAROVA_23_25.jpg",20290,"https://www.facebook.com/TARABAROVAofficial/","https://itunes.apple.com/ua/album/23-25/1436467657"
"The Doox","Ліра","sing167","*","15.06.2019","jun","ethno rock","ethno","українська","","","*","","","","","*","","Київ","мікс","Центр","Інші альбоми","https://notatky.com.ua/wp-content/uploads/doox-lira400.jpg",20291,"https://www.facebook.com/thedoox/","https://soundcloud.com/thedoox/sets/the-doox-lira"
"The Hardkiss","Залізна ластівка","sing168","","19.09.2019","sep","Alternative","pop","українська","eng","*","","","*","*","*","*","*","Київ","мікс","Центр","Інші альбоми","https://upload.wikimedia.org/wikipedia/uk/thumb/6/60/The_Hardkiss_-_%D0%97%D0%B0%D0%BB%D1%96%D0%B7%D0%BD%D0%B0_%D0%BB%D0%B0%D1%81%D1%82%D1%96%D0%B2%D0%BA%D0%B0.jpg/250px-The_Hardkiss_-_%D0%97%D0%B0%D0%BB%D1%96%D0%B7%D0%BD%D0%B0_%D0%BB%D0%B0%D1%81%D1%82%D1%96%D0%B2%D0%BA%D0%B0.jpg",20292,"https://www.facebook.com/THEHARDKISS/","https://itunes.apple.com/us/album/%D0%B7%D0%B0%D0%BB%D1%96%D0%B7%D0%BD%D0%B0-%D0%BB%D0%B0%D1%81%D1%82%D1%96%D0%B2%D0%BA%D0%B0/1435487209"
"THE INFESTATION","Fractal Delusion","sing169","","31.03.2019","mar","Death Metal / Deathcore / Electronic","metal","англійська","","","*","*","*","*","*","*","","Миколаїв","чоловіча","Південь","Інші альбоми","https://www.neformat.com.ua/images/imagecache/material_680w/releases/cover_22.jpg",20401,"https://www.facebook.com/theinfestationband/","https://theinfestation.bandcamp.com/album/fractal-delusion"
"The Nietzsche","Live 201","sing170","","01.04.2019","apr","Chaotic Hardcore/Mathcore","metal","українська","","","*","*","","","","","","Одеса","чоловіча","Південь","Інші альбоми","https://f4.bcbits.com/img/a3115109261_10.jpg",20414,"https://www.facebook.com/thenietzscheband","https://thenietzsche.bandcamp.com/album/live-201"
"The Orchestra Of Mirrored Reflections","Narrow Escape","sing171","","25.04.2019","apr","Dark Jazz","jazz","немає","-","","","*","","","","","","Дніпро","мікс","Схід","Long list","https://f4.bcbits.com/img/a3108677677_16.jpg",20293,"https://www.facebook.com/TheOrchestraOfMirroredReflections","https://joltai.bandcamp.com/album/narrow-escape"
"The Room Without Sun","One More Time With Feelings","sing172","*","01.03.2019","mar","Synthwave","rock","англійська","","","","*","*","*","*","*","*","Berlin","чоловіча","Закордон","Інші альбоми","https://www.neformat.com.ua/images/imagecache/material_680w/news/a2717380948_10_0.jpg",20294,"https://www.facebook.com/theroomwithoutsun/","https://roomwithoutsun.bandcamp.com/"
"The Troubled","Spacing Away","sing173","*","12.09.2019","sep","Punk rock","rock","англійська","","","*","*","*","*","*","","*","Київ","чоловіча","Центр","Інші альбоми","https://www.neformat.com.ua/images/imagecache/material_680w/news/a3411925714_10.jpg",20295,"https://www.facebook.com/Thetroubledpsycho","https://thetroubledpsycho.bandcamp.com/album/spacing-away"
"Transильванія","Dance Elements","sing174","","16.11.2019","nov","rock","rock","російська","eng","","*","","*","","","*","*","Одеса","чоловіча","Південь","Інші альбоми","https://i.scdn.co/image/d2a39e16a3eb64f96e89132b10db8f2daa4ce76d",20359,"https://www.facebook.com/musictransilvania/","https://soundcloud.com/alexey-sholokhov/sets/dance-elements"
"Troye Zillia","Paradise Birds","sing175","","04.01.2019","jan","world music","ethno","українська","","","","","*","","","*","","Львів","мікс","Захід","Інші альбоми","https://notatky.com.ua/wp-content/uploads/troye-p.jpg",20376,"https://www.facebook.com/troyezillia/","https://play.google.com/store/music/album?id=Bweokduvmyzbsnhc4zmded2o2te&tid=song-Teqsh65zwzi6yspg75osddgo7zy"
"Twelves","It's Safer On The Outside","sing176","*","12.05.2019","may","Alternative Metal, Post-Hardcore, Metalcore","metal","англійська","","","*","*","*","*","*","*","*","Львів","мікс","Захід","Інші альбоми","https://f4.bcbits.com/img/a1130294195_10.jpg",20392,"https://www.facebook.com/twelves.music.XII","https://twelvesband.bandcamp.com/album/its-safer-on-the-outside-2"
"TYUPA","SKELI","sing177","*","22.12.2019","dec","electronic","electronic","українська","","","*","","*","*","","*","","Ужгород","мікс","Захід","Інші альбоми","https://notatky.com.ua/wp-content/uploads/tyupa-lp-cover-400.jpg",20418,"https://www.facebook.com/tyupamusic/","https://soundcloud.com/dzhmilrec/sets/tyupa-skeli?fbclid=IwAR1lcPB4GzNHj0GRSXM6CcKGcRqoWZf5kQVInUJgGDtaSDfN0X8q8B3p6Os"
"Ulvegr","Vargkult","sing178","","30.01.2019","jan","HEATHEN BLACK METAL","metal","англійська","","","","*","","","","*","","Харків","чоловіча","Схід","Інші альбоми","http://www.metal-tracker.com/cache_images/details/2234690.jpg",20296,"https://www.facebook.com/Ulvegr/","https://ulvegr.bandcamp.com/album/vargkult"
"US Orchestra","I","sing179","","30.03.2019","mar","traditional","ethno","немає","-","","","*","*","*","*","*","*","Київ","мікс","Центр","Інші альбоми","https://f4.bcbits.com/img/a3716683694_16.jpg",20378,"https://www.facebook.com/UsOrchestra","https://ukrainska-silska-orchestra.bandcamp.com/album/i"
"Vakula","Metaphors","sing180","","26.02","feb","electronic","electronic","немає","-","","*","","","","","*","","Конотоп","чоловіча","Північ","Інші альбоми","https://i1.sndcdn.com/artworks-000214862806-gx74jy-t500x500.jpg",20297,"https://www.facebook.com/VakulaLeleka/","https://www.discogs.com/Vakula-Metaphors/release/11626896"
"Viu Viu","FAKE BOY","sing181","*","28.09.2019","sep","dance & edm","pop","російська","eng","*","*","","*","","*","*","*","Київ","мікс","Центр","Інші альбоми","http://rhyme.ru/wp-content/uploads/2018/10/D5jDVVj7PW4-400x400.jpg",20298,"https://www.facebook.com/viuviumusic/?__tn__=K-R&eid=ARBvTrU6UBVy1uU-ov65wezvGTpptDCXzkRA_0o_wpfo45AB8Xim1peE3FMzT8CHiJ3srIV6Bx0YSNvC&fref=mentions&__xts__%5b0%5d=68.ARDD-qK5GXfxnNJ50wmbhP8OZ0y8W2G8B2ZeNBJA5AEvrRp-Fxrg8zXA2Hn1_hPhPvFLBWO9otZHpiSn4udVbghBKnaxvQ-e1lLmboiVN6sEh0bXGBO2BHJLcTK73baxZkpkg-txGOpQZfuxqU0CCrwjFu9EeGJmJgLx2sOXSG9ij1SjPvXUKw","https://soundcloud.com/viuviumusic/sets/viu-viu-fake-boy"
"Vivienne Mort","Досвід","sing182","","19.02","feb","indie","indie","українська","","*","*","","*","*","*","*","*","Київ","мікс","Центр","Інші альбоми","https://notatky.com.ua/wp-content/uploads/dosvid-400.jpg",20299,"https://www.facebook.com/vivienne.mort/","https://soundcloud.com/vivienne_mort/sets/dosvid-2018"
"Voin Oruwu","Big Space Adventure","sing183","*","15.05.2019","may","electronic","electronic","немає","-","","*","","","","","","","Київ","чоловіча","Центр","Long list","https://imagesaws.juno.co.uk/300/CS686272-01A-MED.jpg",20300,"https://www.facebook.com/oruwu/?ref=py_c&eid=ARCpBhg5CJ2Y6S8Fiu7LgnGJp-5pQ4bvFGgaYUYQ84C0KCO7HY8rXF2a-oETFctZZzdX5emEIdrH54Hc","https://soundcloud.com/privatepersons/privatepersons007"
"Voloshyna & Bushiko","10 писем к Сапфо","sing184","","21.03.2019","mar","poetry","indie","російська","","","*","","","","","","","Київ","мікс","Центр","Інші альбоми","https://scontent.fiev18-1.fna.fbcdn.net/v/t1.0-9/18423728_756385914522244_6928192275539498877_n.jpg?_nc_cat=105&_nc_ht=scontent.fiev18-1.fna&oh=6f1ce5f199316479a111c515a95ec5f8&oe=5C9A7954",20301,"https://www.facebook.com/voloshynabushiko/","https://soundcloud.com/voloshyna-bushiko/sets/10-1"
"Vseravno","Ключ ко всему","sing185","","21.02","feb","post-hardcore","rock","російська","","*","*","","*","*","*","*","*","Київ","чоловіча","Центр","Інші альбоми","http://xzona.su/uploads/posts/2018-02/thumbs/1519484532_11748bf712bb3e6ebe4f7f63cf6043f5.jpg",20302,"https://www.facebook.com/vseravno.official","https://soundcloud.com/vseravnoband/sets/key"
"Way Station","The Way of Minstrel","sing186","","08.02","feb","Post-rock","rock","немає","-","*","*","*","*","*","*","*","*","Київ","чоловіча","Центр","Інші альбоми","https://f4.bcbits.com/img/a3806226894_16.jpg",20303,"https://www.facebook.com/waystationband/","https://waystation.bandcamp.com/"
"Woo York","Chasing The Dream","sing187","","04.05.2019","may","electronic","electronic","немає","-","*","*","","*","*","*","*","*","Київ","чоловіча","Центр","Long list","https://scontent.fiev18-1.fna.fbcdn.net/v/t1.0-9/31948851_1255898851206785_3604929633952202752_n.jpg?_nc_cat=109&_nc_ht=scontent.fiev18-1.fna&oh=5396ec8146018e3cea35257c3e08231e&oe=5C9BF19F",20304,"https://www.facebook.com/woo.york.official/","https://soundcloud.com/woo-york/sets/chasing-the-dream-lp"
"Yotsuya Kaidan","Крошка​-​комета","sing188","*","25.05.2019","may","","rock","російська","","*","*","*","*","*","*","*","*","Одеса","чоловіча","Південь","Інші альбоми","https://www.neformat.com.ua/images/imagecache/material_680w/releases/a4107519467_10.jpg",20305,"https://www.facebook.com/yotsuyakaidanband/","https://yotsuyakaidan.bandcamp.com/album/-"
"YUKO","DURA?","sing189","","28.11.2019","nov","electronic","electronic","українська","рос","*","*","","*","*","*","*","*","Київ","мікс","Центр","Long list","https://i1.sndcdn.com/artworks-000448515327-59b3vv-t500x500.jpg",20306,"https://www.facebook.com/yukoUA/","https://soundcloud.com/masterskayalab/sets/yuko-dura"
"Yuriy Seredin","Asylum Search","sing190","*","12.11.2019","nov","Jazz","jazz","немає","-","*","","","*","*","*","*","*","Київ","чоловіча","Центр","Long list","https://images-na.ssl-images-amazon.com/images/I/61avmspP3eL._SS500.jpg",20307,"https://www.facebook.com/yuriy.seredin","https://itunes.apple.com/de/album/asylum-search-feat-ben-van-gelder-igor-spallati-igor-osypov/1442107261?l=en&fbclid=IwAR3Tu9qVLDA0ARyxy6RfceNz9-rRd1lojxIsbdWiH-9jpcIRHx1bqKtMYiE"
"ZAVOLOKA","Promeni","sing191","","24.09.2019","sep","Electronica","avant-garde","немає","-","*","*","*","","*","","*","","Vienna","жіноча","Закордон","Long list","https://f4.bcbits.com/img/a1015221388_10.jpg",20308,"https://www.facebook.com/Zavoloka.Official/","https://shop.zavoloka.com/album/promeni"
"ZERNO","Егоїст","sing192","","16.02","feb","indie","rock","українська","","*","*","","*","*","","*","*","Житомир","чоловіча","Центр","Інші альбоми","https://luliq.com/wp-content/uploads/2018/02/artworks-000299676537-6ecca3-original-261x261.jpg",20382,"https://www.facebook.com/zernoband/?__tn__=K-R&eid=ARAtGUl_Z_1cfyesCp4r2W7AVlQ8SX4o7n9yM-8s51e4frMdQ-DHlUGhkU2LW3vMZ5H1TBFgp6hZSmT8&fref=mentions","https://soundcloud.com/zernoband/sets/egoistalbum"
"ZWYNTAR","Мертві голоси","sing193","*","14.12.2019","dec","Dark Country / Gothic Americana / Neofolk","country","українська","","*","","*","*","*","*","*","*","Київ","мікс","Центр","Інші альбоми","https://toloka.to/photos/181217213107804752_f0_0.jpg",20309,"https://www.facebook.com/zwyntar/","https://open.spotify.com/album/4MnljRdXRym3wG3GqBsYm2"
"Артем Кай","Доля","sing194","*","18.09.2019","sep","R&B/Soul","r&b and soul","українська","","*","*","","*","*","*","*","*","Київ","чоловіча","Центр","Інші альбоми","http://rs.img.com.ua/crop?v2=1&w=600&h=0&url=%2F%2Fv.img.com.ua%2Fb%2Forig%2F3%2Fcf%2Ff2c9b0328d154735e2a44d49fd454cf3.jpg",20311,"https://www.facebook.com/artemkaiofficial/","https://itunes.apple.com/album/id1436170862"
"БалансБiлого","На Балансі","sing195","","17.08.2019","aug","hip hop & rap","hip hop & rap","українська","","","*","","","","","*","*","Рівне","чоловіча","Захід","Інші альбоми","https://www.neformat.com.ua/images/imagecache/material_680w/releases/38494135_1806551662791277_3070537150010228736_n.png",20410,"https://www.facebook.com/balansbilogo","https://soundcloud.com/balansbilogo/sets/na-balans-s2018"
"Балдьож","красивый букет","sing196","*","20.10.2019","oct","instagram pop","pop","російська","","*","*","","*","*","*","*","*","Київ","жіноча","Центр","Інші альбоми","http://www.intermedia.ru/img/news/328870.jpg",20383,"https://www.facebook.com/baldiozh/?eid=ARDRpXs6EvkTWnkrKYQIBTGDJAB-XQ4tME2_My2bcGs1RxEszzmbdcftMXqahYmuRkQiLu-0vMYE34LC","https://soundcloud.com/baldiozh/sets/buket"
"Беz Обмежень","Буду з тобою!","sing197","","18.04.2019","apr","rock","rock","українська","","*","","","*","*","*","*","*","Мукачево","чоловіча","Захід","Інші альбоми","http://notatky.com.ua/wp-content/uploads/bo-lp-400.jpg",20384,"https://www.facebook.com/bezobmezhenua/","https://itunes.apple.com/ua/album/%D0%B1%D1%83%D0%B4%D1%83-%D0%B7-%D1%82%D0%BE%D0%B1%D0%BE%D1%8E/1372798155?l=uk"
"Брудні","Київ","sing198","*","23.11.2019","nov","rock","rock","українська","","*","*","","*","*","*","*","*","Київ","мікс","Центр","Інші альбоми","https://i.kfs.io/album/global/41387225,0v1/fit/500x500.jpg",20312,"https://www.facebook.com/brudnikyiv","https://soundcloud.com/brudni/sets/kyiv"
"Вагоновожатые","Референс","sing199","","18.11.2019","nov","dans/electro","electronic","російська","укр","*","*","*","*","*","*","*","*","Київ","чоловіча","Центр","Long list","https://www.buro247.ua/thumb/670x830_0/images/2018/11/vagonovozhatye-reference-album-3.jpg",20313,"https://www.facebook.com/vagonodrivers/","https://itunes.apple.com/ua/album/%D1%80%D0%B5%D1%84%D0%B5%D1%80%D0%B5%D0%BD%D1%81/1441136499"
"Ведмідь і Вухо","Сороміцькі пісні","sing200","*","05.09.2019","sep","rap & hip hop","hip hop & rap","українська","","","*","","","","","*","","Макіївка","чоловіча","Схід","Інші альбоми","https://i1.sndcdn.com/artworks-000399833100-ixidbz-t500x500.jpg",20314,"https://www.facebook.com/vedmidivuho/","https://soundcloud.com/vedmidivuho/sets/hic93xsopvxm"
"ВОЛОК","Смертный","sing202","","19.09.2019","sep","Neo-Folk","avant-garde","немає","-","","","*","","","","","","Сміла","чоловіча","Центр","Інші альбоми","https://f4.bcbits.com/img/a0479781356_16.jpg",20385,"https://www.facebook.com/VOLOK.res/","https://volok.bandcamp.com/album/--5"
"ВОЛОК","Хоровод","sing201","","16.05.2019","may","Neo-Folk","avant-garde","немає","-","","","*","","","","","","Сміла","чоловіча","Центр","Інші альбоми","https://www.neformat.com.ua/images/imagecache/material_680w/releases/a3283688473_10.jpg",20315,"https://www.facebook.com/VOLOK.res/","https://volokrecords.bandcamp.com/album/--4"
"Ворона","Звуки","sing203","*","16.11.2019","nov","pop","pop","російська","","*","*","","*","*","*","*","*","Київ","жіноча","Центр","Інші альбоми","https://images.shazam.com/coverart/t450768971-b1442002265_s400.jpg",20316,"","https://itunes.apple.com/ua/album/%D0%B7%D0%B2%D1%83%D0%BA%D0%B8/1442001964?l=ru"
"вышел покурить","никогда","sing204","","25.09.2019","sep","hip hop","hip hop & rap","російська","","*","*","","*","*","*","*","*","Одеса","чоловіча","Південь","Інші альбоми","https://muzonov.net/uploads/posts/2018-09/medium/1537956083_1537953823_cover.jpg",20386,"https://www.facebook.com/%D0%92%D1%8B%D1%88%D0%B5%D0%BB-%D0%9F%D0%BE%D0%BA%D1%83%D1%80%D0%B8%D1%82%D1%8C-132499760760065/","https://soundcloud.com/mld8nk/sets/nikogda"
"Гибкий Чаплинъ","Млекопитание","sing205","","22.11.2019","nov","alternative rock","rock","російська","eng","*","*","","*","*","*","*","*","Київ","чоловіча","Центр","Інші альбоми","https://i.scdn.co/image/88e1376f7816230a3c65e758d465b9cc601de9fb",20317,"https://www.facebook.com/gibkiychaplin","https://soundcloud.com/user-271314968/sets/mlekopitanie"
"Группа БУДУ","чашКачая","sing206","","01.03.2019","ar","rock","rock","російська","","","*","","*","","","","*","Київ","мікс","Центр","Інші альбоми","https://i1.sndcdn.com/artworks-000296731776-09ql2o-t500x500.jpg",20318,"https://www.facebook.com/buduband/","https://soundcloud.com/buduband/sets/chashkachaya"
"Гуцул Каліпсо","Най Бог Бороне","sing207","","21.11.2019","nov","folk rock","rock","українська","","*","","","*","*","*","*","*","Чернівці","чоловіча","Захід","Інші альбоми","https://toloka.to/photos/181121230210804752_f0_0.jpg",20319,"https://www.facebook.com/GutsulCalipso/","https://itunes.apple.com/ua/album/%D0%BD%D0%B0%D0%B9-%D0%B1%D0%BE%D0%B3-%D0%B1%D0%BE%D1%80%D0%BE%D0%BD%D0%B5/1442127964?app=music&fbclid=IwAR0SlAey5XOH4M-_sPMSAfJ693hrysVGNN6DeSHZEIhYU8oQUBY26bmR-Rw&ign-mpt=uo%3D4"
"Джонні Дивний | Wootabi.","Повний Абзац: Сторона ""А""","sing208","","12.11.2019","nov","hip-hop & rap","hip hop & rap","українська","","*","*","*","*","*","*","*","*","Рівне","чоловіча","Захід","Інші альбоми","https://i.scdn.co/image/173d91b21df6f856d3270dc64c3c92c1c96188ca",20320,"","https://soundcloud.com/price-of-da-rhythm/sets/dzhonn-divniy-wootabi-povniy-abzats-storona-a"
"Діля і Бєкіров","Молескін","sing209","*","27.04.2019","apr","pop rock","jazz","українська","eng","*","","","*","*","*","*","*","Харків","чоловіча","Схід","Інші альбоми","http://notatky.com.ua/wp-content/uploads/dilya-bekirov-moleskin-400.jpg",20321,"https://www.facebook.com/dilyacomua/","https://www.youtube.com/watch?v=MpHTlowrICg&feature=youtu.be"
"Довгий Пес","#СОЦІАЛЬНИЙАЛКОГОЛІК","sing210","","12.09.2019","sep","hip hop, rap","hip hop & rap","українська","","*","*","*","*","*","*","*","*","Львів","чоловіча","Захід","Інші альбоми","https://notatky.com.ua/wp-content/uploads/pes400.jpg",20322,"https://www.facebook.com/DovgiyPes","https://soundcloud.com/dovgiypes/sets/sotsalniyalkogolk"
"Дрофа","Keep Blossom In Your Head","sing211","","02.02","feb","hip hop, rap","hip hop & rap","англійська","","","*","","","","","","","Київ","чоловіча","Центр","Інші альбоми","https://i1.sndcdn.com/artworks-000296125134-06zcgb-t500x500.jpg",20323,"https://www.facebook.com/ddrofa","https://soundcloud.com/ddrofa/sets/keep-blossom-in-your-head-album"
"Елена Войнаровская","Метеозависимость","sing212","","08.09.2019","sep","art-rock","rock","російська","","*","*","*","*","*","*","*","*","Одеса","жіноча","Південь","Інші альбоми","https://f4.bcbits.com/img/a0638595134_16.jpg",20324,"https://www.facebook.com/e.voynarovskaya","https://elena-v.bandcamp.com/album/--4"
"Євген Могилевський","Сьома печатка Галілея","sing213","","27.12.2019","dec","folk funk","ethno","українська","","","*","","","","","*","","Київ","чоловіча","Центр","Інші альбоми","https://yt3.ggpht.com/a-/AAuE7mCZtjjOhZrQ4rVZUvC7Wofui-X_GnY0gnLvag=s900-mo-c-c0xffffffff-rj-k-no",20325,"https://www.facebook.com/evgenmogilevskyi/","https://soundcloud.com/evgenmogylevskyi/sets/y6tuevyzlo6r/s-TIPJm"
"Женя і Катя","Літаки","sing214","*","04.05.2019","may","synthpop, romantik indie","indie","українська","eng","*","*","","*","*","*","*","*","Вінниця","мікс","Центр","Інші альбоми","https://notatky.com.ua/wp-content/uploads/litaky-400.jpg",20326,"https://www.facebook.com/ZhenyaiKatyaOfficial/","https://soundcloud.com/zhenyaikatyaofficial/sets/2018-1"
"Змій Львівський","Ц. Є.","sing215","","15.02","feb","Rap","hip hop & rap","українська","рос","*","*","*","*","*","*","*","*","невідомо, десь закордоном","чоловіча","Закордон","Інші альбоми","https://f4.bcbits.com/img/a2635841894_16.jpg",20328,"https://www.facebook.com/aromotherapy","https://aromotherapyrecords.bandcamp.com/album/--10"
"Зэ Джозерс","Сложные Машинные Биты","sing216","","26.10.2019","oct","post-punk","rock","російська","укр","*","*","*","*","*","*","*","","Калуш","чоловіча","Захід","Інші альбоми","https://i1.sndcdn.com/artworks-000427741497-6dics2-t500x500.jpg",20327,"https://www.facebook.com/zejozers/","https://soundcloud.com/zejozers/sets/smb"
"Кашляючий Ед","Переклад","sing217","","21.06.2019","jun","rap","hip hop & rap","українська","","*","*","","*","*","*","*","*","Львів","чоловіча","Захід","Інші альбоми","https://i1.sndcdn.com/artworks-000363124155-ewwywb-t500x500.jpg",20329,"","https://soundcloud.com/glava94/sets/kashlyayuchiy-ed-pereklad-2018"
"Кімната Гретхен","Гравітанці","sing218","","06.04.2019","apr","indie","pop","українська","","","*","*","*","","","*","","Дніпро","чоловіча","Схід","Інші альбоми","https://notatky.com.ua/wp-content/uploads/gravitanzi-400.jpg",20330,"https://www.facebook.com/kimnatagrethen.band/","https://soundcloud.com/kimnata-grethen-40590427/sets/gravtants"
"Курган & Agregat","С.Ш.Р.","sing219","*","30.04.2019","apr","Hip-Hop/Rap","hip hop & rap","українська","","*","*","","*","*","*","*","*","Близнюки","чоловіча","Схід","Інші альбоми","https://i.kfs.io/album/global/34508267,0v1/fit/500x500.jpg",20331,"","https://itunes.apple.com/ua/album/%D1%81-%D1%88-%D1%80/1377618325?app=itunes&ign-mpt=uo%253D4"
"Луи Франк","Атлантида","sing220","*","31.01.2019","jan","pop","pop","російська","","*","*","","*","*","*","*","*","Zurich, Київ","чоловіча","Закордон","Long list","https://is2-ssl.mzstatic.com/image/thumb/Music118/v4/a3/0c/01/a30c0189-0a5c-c9de-79ae-a1720bad1298/5060268290037.jpg/268x0w.jpg",20332,"https://www.facebook.com/louisfranck.official/","https://itunes.apple.com/ua/album/%D0%BB%D1%83%D0%B8-%D1%84%D1%80%D0%B0%D0%BD%D0%BA-%D0%B0%D1%82%D0%BB%D0%B0%D0%BD%D1%82%D0%B8%D0%B4%D0%B0-feat-%D0%B4%D0%B8%D0%BD%D0%B0-%D0%BA%D0%BE%D1%80%D0%B7%D1%83%D0%BD-%D0%B8%D0%BB%D1%8C%D1%8F-%D0%B3%D0%B0%D0%BB%D1%83%D1%88%D0%BA%D0%BE/1343628387?l=ru"
"Луи Франк","Атлантида","sing221","*","31.01.2019","jan","pop","pop","російська","","*","*","","*","*","*","*","*","Zurich, Київ","чоловіча","Центр","Long list","https://is2-ssl.mzstatic.com/image/thumb/Music118/v4/a3/0c/01/a30c0189-0a5c-c9de-79ae-a1720bad1298/5060268290037.jpg/268x0w.jpg",20332,"https://www.facebook.com/louisfranck.official/","https://itunes.apple.com/ua/album/%D0%BB%D1%83%D0%B8-%D1%84%D1%80%D0%B0%D0%BD%D0%BA-%D0%B0%D1%82%D0%BB%D0%B0%D0%BD%D1%82%D0%B8%D0%B4%D0%B0-feat-%D0%B4%D0%B8%D0%BD%D0%B0-%D0%BA%D0%BE%D1%80%D0%B7%D1%83%D0%BD-%D0%B8%D0%BB%D1%8C%D1%8F-%D0%B3%D0%B0%D0%BB%D1%83%D1%88%D0%BA%D0%BE/1343628387?l=ru"
"Луна","Заколдованные сны","sing222","","24.10.2019","oct","pop","pop","російська","","*","*","","*","*","*","*","*","Київ","жіноча","Центр","Long list","https://t2.genius.com/unsafe/300x300/https%3A%2F%2Fimages.genius.com%2Feb6497928c8e7da2cb4d153126410f01.1000x1000x1.jpg",20333,"https://www.facebook.com/lunavokne/","https://itunes.apple.com/ua/album/%D0%B7%D0%B0%D0%BA%D0%BE%D0%BB%D0%B4%D0%BE%D0%B2%D0%B0%D0%BD%D0%BD%D1%8B%D0%B5-%D1%81%D0%BD%D1%8B/1439087437?app=music&ign-mpt=uo%3D4"
"Любомир Мельник","Fallen Trees","sing223","","07.12.2019","dec","","instrumental","немає","-","*","*","*","*","*","*","*","*","Kingston","чоловіча","Закордон","Long list","https://toloka.to/photos/181124075905385484_f0_0.jpg",20334,"https://www.facebook.com/melnyk.lubomyr/","https://soundcloud.com/erasedtapes/lubomyr-melnyk-son-of-parasol"
"Мало","Як є","sing224","*","15.11.2019","nov","indie rock","indie","українська","","*","*","","*","*","*","*","*","Київ","чоловіча","Центр","Інші альбоми","https://notatky.com.ua/wp-content/uploads/malo_3000-1.jpg",20335,"https://www.facebook.com/malokyiv/","https://soundcloud.com/malokyiv/sets/yakye"
"Микола Макєєв","Бобот та енергія всесвіту","sing225","","02.11.2019","nov","soundtrack","instrumental","немає","-","*","*","","*","","*","","*","Київ","чоловіча","Центр","Інші альбоми","https://i1.sndcdn.com/artworks-000427464285-e74eja-t500x500.jpg",20394,"","https://soundcloud.com/rookodilla/sets/mikola-makv-bobot-ta-energya-vsesvtu-muzika-z-knoflmu"
"Миша","Мишtape #1","sing226","*","25.05.2019","may","Hip-Hop/Rap, R&B","hip hop & rap","російська","","*","","","*","*","*","*","*","Київ","чоловіча","Центр","Інші альбоми","https://e-cdns-images.dzcdn.net/images/cover/a86a5c6ddf3202f418cf9af8bb7b8c86/200x200-000000-80-0-0.jpg",20336,"","https://itunes.apple.com/album/1382192940?app=music"
"Наталя Мирна","Сильною буду","sing227","","09.06.2019","jun","Art-pop-dream","pop","українська","eng, рос","*","","","*","*","*","*","*","Львів","жіноча","Захід","Інші альбоми","https://toloka.to/photos/1810181213212760_f0_0.jpg",20337,"https://www.facebook.com/nmyrna.official/","https://www.youtube.com/watch?v=lqEQITjBG0Q"
"Неизвестность.","Хайпаголик 2","sing228","","19.04.2019","apr","mixtape","hip hop & rap","російська","","*","*","","*","*","*","*","*","Київ","чоловіча","Центр","Інші альбоми","https://i1.sndcdn.com/artworks-000337224099-70cl2f-t500x500.jpg",20338,"https://www.facebook.com/kyivstonerofficial","https://soundcloud.com/kyivstoner/sets/neizvestnost-kh-banger"
"Нумер 482","ДРУ","sing229","","16.11.2019","nov","pop","rock","українська","","*","","","*","*","*","*","*","Одеса","чоловіча","Південь","Інші альбоми","https://rock.ua/rockdb/i/cd/full/1165-dru.jpg",20360,"https://www.facebook.com/numer482/","https://www.deezer.com/en/album/78625912"
"Останній Притулок","Кімната","sing230","*","23.08.2019","aug","rock","rock","українська","","","*","","*","*","*","*","","Київ","чоловіча","Центр","Інші альбоми","https://notatky.com.ua/wp-content/uploads/pritulok-400.jpg",20339,"https://www.facebook.com/oprytulok/","https://soundcloud.com/oprytulok/sets/kmnata"
"Павел Игнатьев","Колокола души","sing231","","24.05.2019","may","modern classic, jazz, improvisations","instrumental","немає","-","*","","","*","*","*","*","*","Київ","чоловіча","Центр","Інші альбоми","https://e-cdns-images.dzcdn.net/images/cover/f7517482ae6d904b096fb24fae76128d/500x500.jpg",20340,"https://www.facebook.com/PavelIgnatyevPavelIgnatev/","https://itunes.apple.com/us/album/%D0%BA%D0%BE%D0%BB%D0%BE%D0%BA%D0%BE%D0%BB%D0%B0-%D0%B4%D1%83%D1%88%D0%B8/1386186256"
"ПИРЯТИН","Атентат","sing232","*","16.02","feb","rock/power country","rock","українська","","*","*","","*","*","*","*","*","Київ","мікс","Центр","Інші альбоми","https://upload.wikimedia.org/wikipedia/uk/thumb/4/4c/%D0%9F%D0%B8%D1%80%D1%8F%D1%82%D0%B8%D0%BD-%D0%90%D1%82%D0%B5%D0%BD%D1%82%D0%B0%D1%82.png/250px-%D0%9F%D0%B8%D1%80%D1%8F%D1%82%D0%B8%D0%BD-%D0%90%D1%82%D0%B5%D0%BD%D1%82%D0%B0%D1%82.png",20341,"https://www.facebook.com/PyryatynGurt/","https://soundcloud.com/pyryatyn/sets/atentat-1"
"правила поведения с пьяным мужем","том III","sing233","","10.01.2019","jan","indie","indie","російська","","","*","*","","","","*","","Львів","чоловіча","Захід","Інші альбоми","https://www.neformat.com.ua/images/imagecache/material_680w/releases/q0v-ucixf_g.jpg",20402,"","https://soundcloud.com/drunkhusband/sets/pravila-povedeniya-s-pyanym-muzhem-tom-iii"
"Псючий Син","ТОРБА","sing245","*","18.09.2019","sep","rap","hip hop & rap","українська","eng","","*","*","","","","*","","Калуш","чоловіча","Захід","Long list","https://f4.bcbits.com/img/a4210461279_16.jpg",20342,"https://www.facebook.com/%D0%9F%D1%81%D1%8E%D1%87%D0%B8%D0%B9-%D0%A1%D0%B8%D0%BD-577424929319147","https://soundcloud.com/doggyson235/sets/2018-prod-by-angelo-porter"
"Руки'в Брюки","Jumpin' & Humpin'","sing234","","27.12.2019","dec","Rock-n-roll","r&b and soul","англійська","","","","*","*","*","*","","*","Київ","чоловіча","Центр","Long list","https://f4.bcbits.com/img/a1274563867_16.jpg",20365,"https://www.facebook.com/rukivbryuki.rvb/?__tn__=K-R&eid=ARAFechcO1tfhUmivdIXlWOCSwLDsPloBpRJGPOED8PfI4PYf7kuFoD0rpZc-RUlWjvY1QPscbB5TVzJ&fref=mentions&__xts__%5b0%5d=68.ARB7T33jP-AvEVpsCN21hixV60nX7XhkqnpJUoqVpeYT3uTpnc5l-aCNHUJ_DbhcEn_KQwXFHftpNCdtbcdX7ZZgXxeCQ_xLn3fS6YD9M84_bLFwPnnLScZcyBtv37SyhnkswkmNCZ3DXV_PiZFIwYvTkLKJo0fs4vj45slK4TJAG3jyB4idQBpMzfsKFY7stpl9rg","https://rukivbryuki.bandcamp.com/album/jumpin-humpin?fbclid=IwAR3X1ykZp9d7yECsifAtKk2-VyhQ2zu3xcN9VzXPodp6QsFHPgsMQqIuQlU"
"Сергій Бабкін","Музасфера","sing246","","01.10.2019","oct","pop","pop","українська","","*","","","*","*","*","*","*","Харків","чоловіча","Схід","Інші альбоми","https://m.clutch.ua/wp-content/uploads/2018/10/39370556_256876758490031_6442726530342124189_n.jpg",20343,"https://www.facebook.com/babkin.official/","https://itunes.apple.com/album/id1436122526"
"Січгарт","Честь та Кров","sing235","","13.11.2019","nov","cossaks thrash / death metal","metal","українська","","*","","*","*","*","*","*","*","Київ","чоловіча","Центр","Інші альбоми","https://f4.bcbits.com/img/a1427614514_10.jpg",20373,"https://www.facebook.com/Sichgart/","https://sichgart.bandcamp.com/album/--2"
"СКАЙ","Рідкісні птахи","sing247","","01.11.2019","nov","","pop","українська","","*","*","","*","*","*","*","*","Київ","чоловіча","Центр","Інші альбоми","https://upload.wikimedia.org/wikipedia/uk/thumb/a/aa/%D0%A1%D0%BA%D0%B0%D0%B9_-_%D1%80%D1%96%D0%B4%D0%BA%D1%96%D1%81%D0%BD%D1%96_%D0%BF%D1%82%D0%B0%D1%85%D0%B8.jpg/250px-%D0%A1%D0%BA%D0%B0%D0%B9_-_%D1%80%D1%96%D0%B4%D0%BA%D1%96%D1%81%D0%BD%D1%96_%D0%BF%D1%82%D0%B0%D1%85%D0%B8.jpg",20344,"https://www.facebook.com/skaiband/","https://www.youtube.com/playlist?list=PLelAAubckbsfgucClDV5t0fnNy8CU49PH"
"СОЮЗ","Это все совсем не то","sing236","*","19.06.2019","jun","avant-pop / krautpop / fake jazz trio / indie","indie","російська","","*","*","","*","*","*","*","*","Київ, Minsk","чоловіча","Закордон","Long list","https://static.qobuz.com/images/covers/db/uc/uir3j4910ucdb_600.jpg",20387,"https://www.facebook.com/gruppasoyuz/","https://soundcloud.com/masterskayalab/sets/soyuz-eto-vse-sovsem-ne-to"
"СОЮЗ","Это все совсем не то","sing248","*","19.06.2019","jun","avant-pop / krautpop / fake jazz trio / indie","indie","російська","","*","*","","*","*","*","*","*","Київ, Minsk","чоловіча","Центр","Long list","https://static.qobuz.com/images/covers/db/uc/uir3j4910ucdb_600.jpg",20387,"https://www.facebook.com/gruppasoyuz/","https://soundcloud.com/masterskayalab/sets/soyuz-eto-vse-sovsem-ne-to"
"Счастливые люди","Датаизм","sing237","*","10.01.2019","jan","Крипто-поп","indie","російська","","*","*","","*","*","*","*","*","Los Angeles, Київ","мікс","Закордон","Long list","https://i1.sndcdn.com/artworks-000332906001-q2ay4d-t500x500.jpg",20372,"https://www.facebook.com/happyludy/","https://soundcloud.com/masterskayalab/sets/schastlivye-lyudi-dataizm"
"Счастливые люди","Датаизм","sing249","*","10.01.2019","jan","Крипто-поп","indie","російська","","*","*","","*","*","*","*","*","Los Angeles, Київ","мікс","Центр","Long list","https://i1.sndcdn.com/artworks-000332906001-q2ay4d-t500x500.jpg",20372,"https://www.facebook.com/happyludy/","https://soundcloud.com/masterskayalab/sets/schastlivye-lyudi-dataizm"
"Тартак","АнТАРТАКтида. Частина перша","sing238","","30.11.2019","nov","hip hop & rap","pop","українська","","*","","","*","*","*","*","*","Луцьк","чоловіча","Захід","Інші альбоми","https://rock.ua/rockdb/i/cd/full/1177-antartaktida_chastina_persha.jpg",20345,"https://www.facebook.com/TAPTAK/?ref=py_c","https://itunes.apple.com/sg/album/%D0%B0%D0%BD%D1%82%D0%B0%D1%80%D1%82%D0%B0%D0%BA%D1%82%D0%B8%D0%B4%D0%B0-%D1%87%D0%B0%D1%81%D1%82%D0%B8%D0%BD%D0%B0-%D0%BF%D0%B5%D1%80%D1%88%D0%B0/1444315488"
"Тінь сонця","Зачарований Світ","sing250","","01.11.2019","nov","rock","rock","українська","","*","*","","*","*","*","*","*","Київ","чоловіча","Центр","Інші альбоми","https://i1.sndcdn.com/artworks-000432261684-6ljn8e-t500x500.jpg",20346,"https://www.facebook.com/tin.sontsya/","https://soundcloud.com/tinsontsya/sets/zacharovanyj-svit?fbclid=IwAR2B6yN4tsIQ9GmH_p1NhaVqKoOEsunze1TTx7YjVziXDp325GfT3kz-KOc"
"ТНМК","7","sing239","","23.11.2019","nov","","hip hop & rap","українська","","*","","","*","*","*","*","*","Харків","чоловіча","Схід","Long list","https://notatky.com.ua/wp-content/uploads/tnmk-seven-cover-400.jpg",20368,"https://www.facebook.com/TNMKband/?fref=pb&hc_location=profile_browser","https://itunes.apple.com/ru/album/7/1442928820"
"Фіолет","Aurora","sing251","","17.10.2019","oct","rock","rock","українська","","*","*","","*","*","*","*","","Київ","чоловіча","Центр","Інші альбоми","https://notatky.com.ua/wp-content/uploads/aurora-400.jpg",20347,"https://www.facebook.com/fioletband/","https://soundcloud.com/fioletband/sets/aurora"
"Хамерман Знищує Віруси","Лой","sing240","","10.06","jun","punk,cabaret,synthpop ","avant-garde","російська","укр","*","","*","*","*","*","*","*","Суми","чоловіча","Північ","Інші альбоми","https://f4.bcbits.com/img/a1869747531_16.jpg",20348,"https://www.facebook.com/HZVBAND/","https://h-z-v.bandcamp.com/album/--6"
"ХАС","Мегаполіс","sing252","","10.05.2019","may","Hip-Hop, RAP","hip hop & rap","українська","","*","*","","*","*","*","*","*","Львів","чоловіча","Захід","Інші альбоми","http://notatky.com.ua/wp-content/uploads/has-lp-400.jpg",20349,"https://www.facebook.com/13xac/","https://itunes.apple.com/ua/album/%D0%BC%D0%B5%D0%B3%D0%B0%D0%BF%D0%BE%D0%BB%D1%96%D1%81/1377188399"
"Христина Соловій","Любий Друг","sing241","","26.10.2019","oct","Indie Pop","indie","українська","","*","*","","*","*","*","*","*","Дрогобич","жіноча","Захід","Інші альбоми","https://toloka.to/photos/181026121543804752_f0_0.jpg",20350,"https://www.facebook.com/khrystyna.soloviy","https://soundcloud.com/khrystyna-soloviy/sets/liubyi-druh"
"Человек-Животное","Мощи Олдскула","sing242","","27.06.2019","jun","punk rock","rock","російська","","*","*","*","*","*","*","*","","Харків","чоловіча","Схід","Інші альбоми","https://liroom.com.ua/wp-content/uploads/2018/07/image-499x500.jpg",20351,"https://www.facebook.com/groups/humananimal/","https://humananimalband.bandcamp.com/album/--2"
"Ядерна Могила","DODECAGON","sing243","","02.08.2019","aug","Hip-Hop/Rap","hip hop & rap","українська","","*","*","","*","*","*","*","*","Київ","чоловіча","Центр","Інші альбоми","https://www.neformat.com.ua/images/imagecache/material_680w/releases/40619437_2174470662837616_9124433681325228032_n.jpg",20352,"https://www.facebook.com/nuclear.grave.044/","https://soundcloud.com/nuclear_grave/sets/dodecagon"
